fecha;hora;mes;dia_semana;canales_contratados;min_programados;min_disponibles;seg_capacidad;seg_en_uso
2026-07-01;7;2026-07;Miércoles;12;60;60.0;43200;5360
2026-07-01;8;2026-07;Miércoles;12;60;60.0;43200;12644
2026-07-01;9;2026-07;Miércoles;12;60;60.0;43200;17482
2026-07-01;10;2026-07;Miércoles;12;60;60.0;43200;27084
2026-07-01;11;2026-07;Miércoles;12;60;60.0;43200;27262
2026-07-01;12;2026-07;Miércoles;12;60;60.0;43200;26457
2026-07-01;13;2026-07;Miércoles;12;60;60.0;43200;21904
2026-07-01;14;2026-07;Miércoles;12;60;60.0;43200;20244
2026-07-01;15;2026-07;Miércoles;12;60;60.0;43200;16446
2026-07-01;16;2026-07;Miércoles;12;60;60.0;43200;18248
2026-07-01;17;2026-07;Miércoles;12;60;60.0;43200;22373
2026-07-01;18;2026-07;Miércoles;12;60;60.0;43200;24071
2026-07-01;19;2026-07;Miércoles;12;60;60.0;43200;23213
2026-07-01;20;2026-07;Miércoles;12;60;60.0;43200;21594
2026-07-01;21;2026-07;Miércoles;12;60;60.0;43200;13919
2026-07-01;22;2026-07;Miércoles;12;60;60.0;43200;10111
2026-07-02;7;2026-07;Jueves;12;60;60.0;43200;6076
2026-07-02;8;2026-07;Jueves;12;60;60.0;43200;11856
2026-07-02;9;2026-07;Jueves;12;60;60.0;43200;20791
2026-07-02;10;2026-07;Jueves;12;60;60.0;43200;23834
2026-07-02;11;2026-07;Jueves;12;60;60.0;43200;26662
2026-07-02;12;2026-07;Jueves;12;60;60.0;43200;24788
2026-07-02;13;2026-07;Jueves;12;60;60.0;43200;23740
2026-07-02;14;2026-07;Jueves;12;60;60.0;43200;21983
2026-07-02;15;2026-07;Jueves;12;60;60.0;43200;17279
2026-07-02;16;2026-07;Jueves;12;60;60.0;43200;16283
2026-07-02;17;2026-07;Jueves;12;60;60.0;43200;19416
2026-07-02;18;2026-07;Jueves;12;60;60.0;43200;24526
2026-07-02;19;2026-07;Jueves;12;60;60.0;43200;26047
2026-07-02;20;2026-07;Jueves;12;60;60.0;43200;19683
2026-07-02;21;2026-07;Jueves;12;60;60.0;43200;11753
2026-07-02;22;2026-07;Jueves;12;60;60.0;43200;9464
2026-07-03;7;2026-07;Viernes;12;60;60.0;43200;7206
2026-07-03;8;2026-07;Viernes;12;60;60.0;43200;14936
2026-07-03;9;2026-07;Viernes;12;60;60.0;43200;17949
2026-07-03;10;2026-07;Viernes;12;60;60.0;43200;26494
2026-07-03;11;2026-07;Viernes;12;60;60.0;43200;26256
2026-07-03;12;2026-07;Viernes;12;60;60.0;43200;31128
2026-07-03;13;2026-07;Viernes;12;60;60.0;43200;27721
2026-07-03;14;2026-07;Viernes;12;60;60.0;43200;24903
2026-07-03;15;2026-07;Viernes;12;60;60.0;43200;19913
2026-07-03;16;2026-07;Viernes;12;60;60.0;43200;19537
2026-07-03;17;2026-07;Viernes;12;60;60.0;43200;20105
2026-07-03;18;2026-07;Viernes;12;60;60.0;43200;29691
2026-07-03;19;2026-07;Viernes;12;60;60.0;43200;28342
2026-07-03;20;2026-07;Viernes;12;60;60.0;43200;26406
2026-07-03;21;2026-07;Viernes;12;60;60.0;43200;17028
2026-07-03;22;2026-07;Viernes;12;60;60.0;43200;9530
2026-07-04;7;2026-07;Sábado;12;60;60.0;43200;5764
2026-07-04;8;2026-07;Sábado;12;60;60.0;43200;10109
2026-07-04;9;2026-07;Sábado;12;60;60.0;43200;13287
2026-07-04;10;2026-07;Sábado;12;60;60.0;43200;15313
2026-07-04;11;2026-07;Sábado;12;60;60.0;43200;18180
2026-07-04;12;2026-07;Sábado;12;60;60.0;43200;22336
2026-07-04;13;2026-07;Sábado;12;60;60.0;43200;18115
2026-07-04;14;2026-07;Sábado;12;60;60.0;43200;15853
2026-07-04;15;2026-07;Sábado;12;60;60.0;43200;14403
2026-07-04;16;2026-07;Sábado;12;60;60.0;43200;14800
2026-07-04;17;2026-07;Sábado;12;60;60.0;43200;15581
2026-07-04;18;2026-07;Sábado;12;60;60.0;43200;20557
2026-07-04;19;2026-07;Sábado;12;60;60.0;43200;18256
2026-07-04;20;2026-07;Sábado;12;60;60.0;43200;17539
2026-07-04;21;2026-07;Sábado;12;60;60.0;43200;10057
2026-07-04;22;2026-07;Sábado;12;60;60.0;43200;10360
2026-07-05;7;2026-07;Domingo;12;60;60.0;43200;3082
2026-07-05;8;2026-07;Domingo;12;60;60.0;43200;6509
2026-07-05;9;2026-07;Domingo;12;60;60.0;43200;12468
2026-07-05;10;2026-07;Domingo;12;60;60.0;43200;14826
2026-07-05;11;2026-07;Domingo;12;60;60.0;43200;16996
2026-07-05;12;2026-07;Domingo;12;60;60.0;43200;18886
2026-07-05;13;2026-07;Domingo;12;60;60.0;43200;12680
2026-07-05;14;2026-07;Domingo;12;60;60.0;43200;13520
2026-07-05;15;2026-07;Domingo;12;60;60.0;43200;10741
2026-07-05;16;2026-07;Domingo;12;60;60.0;43200;10360
2026-07-05;17;2026-07;Domingo;12;60;60.0;43200;15950
2026-07-05;18;2026-07;Domingo;12;60;60.0;43200;13339
2026-07-05;19;2026-07;Domingo;12;60;60.0;43200;12232
2026-07-05;20;2026-07;Domingo;12;60;60.0;43200;13118
2026-07-05;21;2026-07;Domingo;12;60;60.0;43200;9712
2026-07-05;22;2026-07;Domingo;12;60;60.0;43200;5751
2026-07-06;7;2026-07;Lunes;12;60;60.0;43200;6494
2026-07-06;8;2026-07;Lunes;12;60;60.0;43200;14414
2026-07-06;9;2026-07;Lunes;12;60;60.0;43200;18337
2026-07-06;10;2026-07;Lunes;12;60;60.0;43200;27856
2026-07-06;11;2026-07;Lunes;12;60;60.0;43200;31551
2026-07-06;12;2026-07;Lunes;12;60;60.0;43200;27095
2026-07-06;13;2026-07;Lunes;12;60;60.0;43200;27500
2026-07-06;14;2026-07;Lunes;12;60;60.0;43200;24869
2026-07-06;15;2026-07;Lunes;12;60;60.0;43200;23145
2026-07-06;16;2026-07;Lunes;12;60;60.0;43200;21352
2026-07-06;17;2026-07;Lunes;12;60;60.0;43200;23499
2026-07-06;18;2026-07;Lunes;12;60;60.0;43200;25331
2026-07-06;19;2026-07;Lunes;12;60;60.0;43200;28491
2026-07-06;20;2026-07;Lunes;12;60;60.0;43200;21069
2026-07-06;21;2026-07;Lunes;12;60;60.0;43200;19544
2026-07-06;22;2026-07;Lunes;12;60;60.0;43200;9165
2026-07-07;7;2026-07;Martes;12;60;60.0;43200;5004
2026-07-07;8;2026-07;Martes;12;60;60.0;43200;11463
2026-07-07;9;2026-07;Martes;12;60;60.0;43200;18234
2026-07-07;10;2026-07;Martes;12;60;60.0;43200;26365
2026-07-07;11;2026-07;Martes;12;60;60.0;43200;30924
2026-07-07;12;2026-07;Martes;12;60;60.0;43200;26280
2026-07-07;13;2026-07;Martes;12;60;60.0;43200;25659
2026-07-07;14;2026-07;Martes;12;60;60.0;43200;23140
2026-07-07;15;2026-07;Martes;12;60;60.0;43200;20119
2026-07-07;16;2026-07;Martes;12;60;60.0;43200;17979
2026-07-07;17;2026-07;Martes;12;60;60.0;43200;21489
2026-07-07;18;2026-07;Martes;12;60;60.0;43200;24014
2026-07-07;19;2026-07;Martes;12;60;60.0;43200;22717
2026-07-07;20;2026-07;Martes;12;60;60.0;43200;23042
2026-07-07;21;2026-07;Martes;12;60;60.0;43200;14794
2026-07-07;22;2026-07;Martes;12;60;60.0;43200;7878
2026-07-08;7;2026-07;Miércoles;12;60;60.0;43200;6327
2026-07-08;8;2026-07;Miércoles;12;60;60.0;43200;11492
2026-07-08;9;2026-07;Miércoles;12;60;60.0;43200;16267
2026-07-08;10;2026-07;Miércoles;12;60;60.0;43200;23751
2026-07-08;11;2026-07;Miércoles;12;60;60.0;43200;26048
2026-07-08;12;2026-07;Miércoles;12;60;60.0;43200;29054
2026-07-08;13;2026-07;Miércoles;12;60;60.0;43200;23292
2026-07-08;14;2026-07;Miércoles;12;60;60.0;43200;19712
2026-07-08;15;2026-07;Miércoles;12;60;60.0;43200;18571
2026-07-08;16;2026-07;Miércoles;12;60;60.0;43200;16245
2026-07-08;17;2026-07;Miércoles;12;60;60.0;43200;23802
2026-07-08;18;2026-07;Miércoles;12;60;60.0;43200;23896
2026-07-08;19;2026-07;Miércoles;12;60;60.0;43200;22359
2026-07-08;20;2026-07;Miércoles;12;60;60.0;43200;22937
2026-07-08;21;2026-07;Miércoles;12;60;60.0;43200;15907
2026-07-08;22;2026-07;Miércoles;12;60;60.0;43200;7091
2026-07-09;7;2026-07;Jueves;12;60;60.0;43200;6390
2026-07-09;8;2026-07;Jueves;12;60;60.0;43200;12794
2026-07-09;9;2026-07;Jueves;12;60;60.0;43200;17542
2026-07-09;10;2026-07;Jueves;12;60;60.0;43200;24168
2026-07-09;11;2026-07;Jueves;12;60;60.0;43200;25100
2026-07-09;12;2026-07;Jueves;12;60;60.0;43200;24148
2026-07-09;13;2026-07;Jueves;12;60;60.0;43200;24640
2026-07-09;14;2026-07;Jueves;12;60;60.0;43200;21919
2026-07-09;15;2026-07;Jueves;12;60;60.0;43200;16517
2026-07-09;16;2026-07;Jueves;12;60;60.0;43200;15554
2026-07-09;17;2026-07;Jueves;12;60;60.0;43200;22757
2026-07-09;18;2026-07;Jueves;12;60;60.0;43200;24851
2026-07-09;19;2026-07;Jueves;12;60;60.0;43200;21542
2026-07-09;20;2026-07;Jueves;12;60;60.0;43200;20278
2026-07-09;21;2026-07;Jueves;12;60;60.0;43200;17331
2026-07-09;22;2026-07;Jueves;12;60;60.0;43200;7862
2026-07-10;7;2026-07;Viernes;12;60;60.0;43200;6256
2026-07-10;8;2026-07;Viernes;12;60;60.0;43200;13073
2026-07-10;9;2026-07;Viernes;12;60;60.0;43200;20326
2026-07-10;10;2026-07;Viernes;12;60;60.0;43200;30140
2026-07-10;11;2026-07;Viernes;12;60;60.0;43200;25042
2026-07-10;12;2026-07;Viernes;12;60;60.0;43200;30407
2026-07-10;13;2026-07;Viernes;12;60;60.0;43200;25895
2026-07-10;14;2026-07;Viernes;12;60;60.0;43200;22544
2026-07-10;15;2026-07;Viernes;12;60;60.0;43200;17256
2026-07-10;16;2026-07;Viernes;12;60;60.0;43200;17564
2026-07-10;17;2026-07;Viernes;12;60;60.0;43200;21297
2026-07-10;18;2026-07;Viernes;12;60;60.0;43200;24708
2026-07-10;19;2026-07;Viernes;12;60;60.0;43200;27465
2026-07-10;20;2026-07;Viernes;12;60;60.0;43200;23291
2026-07-10;21;2026-07;Viernes;12;60;60.0;43200;19019
2026-07-10;22;2026-07;Viernes;12;60;60.0;43200;11086
2026-07-11;7;2026-07;Sábado;12;60;60.0;43200;4489
2026-07-11;8;2026-07;Sábado;12;60;60.0;43200;10074
2026-07-11;9;2026-07;Sábado;12;60;60.0;43200;18389
2026-07-11;10;2026-07;Sábado;12;60;60.0;43200;21330
2026-07-11;11;2026-07;Sábado;12;60;60.0;43200;19501
2026-07-11;12;2026-07;Sábado;12;60;60.0;43200;20830
2026-07-11;13;2026-07;Sábado;12;60;60.0;43200;18582
2026-07-11;14;2026-07;Sábado;12;60;60.0;43200;17761
2026-07-11;15;2026-07;Sábado;12;60;60.0;43200;14928
2026-07-11;16;2026-07;Sábado;12;60;60.0;43200;15351
2026-07-11;17;2026-07;Sábado;12;60;60.0;43200;17212
2026-07-11;18;2026-07;Sábado;12;60;60.0;43200;19880
2026-07-11;19;2026-07;Sábado;12;60;60.0;43200;18436
2026-07-11;20;2026-07;Sábado;12;60;60.0;43200;17152
2026-07-11;21;2026-07;Sábado;12;60;60.0;43200;10565
2026-07-11;22;2026-07;Sábado;12;60;60.0;43200;7018
2026-07-12;7;2026-07;Domingo;12;60;60.0;43200;2097
2026-07-12;8;2026-07;Domingo;12;60;60.0;43200;6060
2026-07-12;9;2026-07;Domingo;12;60;60.0;43200;10873
2026-07-12;10;2026-07;Domingo;12;60;60.0;43200;12760
2026-07-12;11;2026-07;Domingo;12;60;60.0;43200;18659
2026-07-12;12;2026-07;Domingo;12;60;60.0;43200;15579
2026-07-12;13;2026-07;Domingo;12;60;60.0;43200;14189
2026-07-12;14;2026-07;Domingo;12;60;60.0;43200;11231
2026-07-12;15;2026-07;Domingo;12;60;60.0;43200;10641
2026-07-12;16;2026-07;Domingo;12;60;60.0;43200;10634
2026-07-12;17;2026-07;Domingo;12;60;60.0;43200;12670
2026-07-12;18;2026-07;Domingo;12;60;60.0;43200;15259
2026-07-12;19;2026-07;Domingo;12;60;60.0;43200;12220
2026-07-12;20;2026-07;Domingo;12;60;60.0;43200;13861
2026-07-12;21;2026-07;Domingo;12;60;60.0;43200;8262
2026-07-12;22;2026-07;Domingo;12;60;60.0;43200;6544
2026-07-13;7;2026-07;Lunes;12;60;60.0;43200;7599
2026-07-13;8;2026-07;Lunes;12;60;60.0;43200;13236
2026-07-13;9;2026-07;Lunes;12;60;60.0;43200;21184
2026-07-13;10;2026-07;Lunes;12;60;60.0;43200;27413
2026-07-13;11;2026-07;Lunes;12;60;60.0;43200;35963
2026-07-13;12;2026-07;Lunes;12;60;60.0;43200;26799
2026-07-13;13;2026-07;Lunes;12;60;60.0;43200;26899
2026-07-13;14;2026-07;Lunes;12;60;60.0;43200;27646
2026-07-13;15;2026-07;Lunes;12;60;60.0;43200;19139
2026-07-13;16;2026-07;Lunes;12;60;60.0;43200;22180
2026-07-13;17;2026-07;Lunes;12;60;60.0;43200;26721
2026-07-13;18;2026-07;Lunes;12;60;60.0;43200;26923
2026-07-13;19;2026-07;Lunes;12;60;60.0;43200;25701
2026-07-13;20;2026-07;Lunes;12;60;60.0;43200;22840
2026-07-13;21;2026-07;Lunes;12;60;60.0;43200;16960
2026-07-13;22;2026-07;Lunes;12;60;60.0;43200;10213
2026-07-14;7;2026-07;Martes;12;60;60.0;43200;13472
2026-07-14;8;2026-07;Martes;12;60;60.0;43200;26809
2026-07-14;9;2026-07;Martes;12;60;60.0;43200;40164
2026-07-14;10;2026-07;Martes;12;60;60.0;43200;43200
2026-07-14;11;2026-07;Martes;12;60;60.0;43200;38400
2026-07-14;12;2026-07;Martes;12;60;60.0;43200;33288
2026-07-14;13;2026-07;Martes;12;60;60.0;43200;43200
2026-07-14;14;2026-07;Martes;12;60;60.0;43200;43200
2026-07-14;15;2026-07;Martes;12;60;60.0;43200;39524
2026-07-14;16;2026-07;Martes;12;60;60.0;43200;43200
2026-07-14;17;2026-07;Martes;12;60;60.0;43200;43200
2026-07-14;18;2026-07;Martes;12;60;60.0;43200;43200
2026-07-14;19;2026-07;Martes;12;60;60.0;43200;43200
2026-07-14;20;2026-07;Martes;12;60;60.0;43200;43200
2026-07-14;21;2026-07;Martes;12;60;60.0;43200;34551
2026-07-14;22;2026-07;Martes;12;60;60.0;43200;21803
2026-07-15;7;2026-07;Miércoles;12;60;60.0;43200;9613
2026-07-15;8;2026-07;Miércoles;12;60;60.0;43200;17466
2026-07-15;9;2026-07;Miércoles;12;60;60.0;43200;28250
2026-07-15;10;2026-07;Miércoles;12;60;60.0;43200;35440
2026-07-15;11;2026-07;Miércoles;12;60;60.0;43200;37151
2026-07-15;12;2026-07;Miércoles;12;60;60.0;43200;39503
2026-07-15;13;2026-07;Miércoles;12;60;60.0;43200;36915
2026-07-15;14;2026-07;Miércoles;12;60;60.0;43200;31114
2026-07-15;15;2026-07;Miércoles;12;60;60.0;43200;28422
2026-07-15;16;2026-07;Miércoles;12;60;60.0;43200;26448
2026-07-15;17;2026-07;Miércoles;12;60;60.0;43200;33090
2026-07-15;18;2026-07;Miércoles;12;60;60.0;43200;38195
2026-07-15;19;2026-07;Miércoles;12;60;60.0;43200;31238
2026-07-15;20;2026-07;Miércoles;12;60;60.0;43200;30644
2026-07-15;21;2026-07;Miércoles;12;60;60.0;43200;25663
2026-07-15;22;2026-07;Miércoles;12;60;60.0;43200;12165
2026-07-16;7;2026-07;Jueves;12;60;60.0;43200;6099
2026-07-16;8;2026-07;Jueves;12;60;60.0;43200;12382
2026-07-16;9;2026-07;Jueves;12;60;60.0;43200;17271
2026-07-16;10;2026-07;Jueves;12;60;60.0;43200;26055
2026-07-16;11;2026-07;Jueves;12;60;60.0;43200;24416
2026-07-16;12;2026-07;Jueves;12;60;60.0;43200;25126
2026-07-16;13;2026-07;Jueves;12;60;60.0;43200;24925
2026-07-16;14;2026-07;Jueves;12;60;60.0;43200;21585
2026-07-16;15;2026-07;Jueves;12;60;60.0;43200;16635
2026-07-16;16;2026-07;Jueves;12;60;60.0;43200;18673
2026-07-16;17;2026-07;Jueves;12;60;60.0;43200;18260
2026-07-16;18;2026-07;Jueves;12;60;60.0;43200;24526
2026-07-16;19;2026-07;Jueves;12;60;60.0;43200;20494
2026-07-16;20;2026-07;Jueves;12;60;60.0;43200;18803
2026-07-16;21;2026-07;Jueves;12;60;60.0;43200;13001
2026-07-16;22;2026-07;Jueves;12;60;60.0;43200;8356
2026-07-17;7;2026-07;Viernes;12;60;60.0;43200;6685
2026-07-17;8;2026-07;Viernes;12;60;60.0;43200;11384
2026-07-17;9;2026-07;Viernes;12;60;60.0;43200;20949
2026-07-17;10;2026-07;Viernes;12;60;60.0;43200;29212
2026-07-17;11;2026-07;Viernes;12;60;60.0;43200;30409
2026-07-17;12;2026-07;Viernes;12;60;60.0;43200;29282
2026-07-17;13;2026-07;Viernes;12;60;60.0;43200;27049
2026-07-17;14;2026-07;Viernes;12;60;60.0;43200;23586
2026-07-17;15;2026-07;Viernes;12;60;60.0;43200;20108
2026-07-17;16;2026-07;Viernes;12;60;60.0;43200;22600
2026-07-17;17;2026-07;Viernes;12;60;60.0;43200;24513
2026-07-17;18;2026-07;Viernes;12;60;60.0;43200;28079
2026-07-17;19;2026-07;Viernes;12;60;60.0;43200;27715
2026-07-17;20;2026-07;Viernes;12;60;60.0;43200;21134
2026-07-17;21;2026-07;Viernes;12;60;60.0;43200;19826
2026-07-17;22;2026-07;Viernes;12;60;60.0;43200;10289
2026-07-18;7;2026-07;Sábado;12;60;60.0;43200;4679
2026-07-18;8;2026-07;Sábado;12;60;60.0;43200;8064
2026-07-18;9;2026-07;Sábado;12;60;60.0;43200;18303
2026-07-18;10;2026-07;Sábado;12;60;60.0;43200;18608
2026-07-18;11;2026-07;Sábado;12;60;60.0;43200;25535
2026-07-18;12;2026-07;Sábado;12;60;60.0;43200;21820
2026-07-18;13;2026-07;Sábado;12;60;60.0;43200;17056
2026-07-18;14;2026-07;Sábado;12;60;60.0;43200;17224
2026-07-18;15;2026-07;Sábado;12;60;60.0;43200;13042
2026-07-18;16;2026-07;Sábado;12;60;60.0;43200;13643
2026-07-18;17;2026-07;Sábado;12;60;60.0;43200;18806
2026-07-18;18;2026-07;Sábado;12;60;60.0;43200;18876
2026-07-18;19;2026-07;Sábado;12;60;60.0;43200;19140
2026-07-18;20;2026-07;Sábado;12;60;60.0;43200;18173
2026-07-18;21;2026-07;Sábado;12;60;60.0;43200;14306
2026-07-18;22;2026-07;Sábado;12;60;60.0;43200;7416
2026-07-19;7;2026-07;Domingo;12;60;60.0;43200;3482
2026-07-19;8;2026-07;Domingo;12;60;60.0;43200;8867
2026-07-19;9;2026-07;Domingo;12;60;60.0;43200;11243
2026-07-19;10;2026-07;Domingo;12;60;60.0;43200;15536
2026-07-19;11;2026-07;Domingo;12;60;60.0;43200;14412
2026-07-19;12;2026-07;Domingo;12;60;60.0;43200;14019
2026-07-19;13;2026-07;Domingo;12;60;60.0;43200;14476
2026-07-19;14;2026-07;Domingo;12;60;60.0;43200;12691
2026-07-19;15;2026-07;Domingo;12;60;60.0;43200;11989
2026-07-19;16;2026-07;Domingo;12;60;60.0;43200;11998
2026-07-19;17;2026-07;Domingo;12;60;60.0;43200;13843
2026-07-19;18;2026-07;Domingo;12;60;60.0;43200;12581
2026-07-19;19;2026-07;Domingo;12;60;60.0;43200;14427
2026-07-19;20;2026-07;Domingo;12;60;60.0;43200;13868
2026-07-19;21;2026-07;Domingo;12;60;60.0;43200;10101
2026-07-19;22;2026-07;Domingo;12;60;60.0;43200;5721
2026-07-20;7;2026-07;Lunes;12;60;60.0;43200;6338
2026-07-20;8;2026-07;Lunes;12;60;60.0;43200;16817
2026-07-20;9;2026-07;Lunes;12;60;60.0;43200;18249
2026-07-20;10;2026-07;Lunes;12;60;60.0;43200;27532
2026-07-20;11;2026-07;Lunes;12;60;60.0;43200;30547
2026-07-20;12;2026-07;Lunes;12;60;60.0;43200;31633
2026-07-20;13;2026-07;Lunes;12;60;60.0;43200;28940
2026-07-20;14;2026-07;Lunes;12;60;60.0;43200;24170
2026-07-20;15;2026-07;Lunes;12;60;60.0;43200;22671
2026-07-20;16;2026-07;Lunes;12;60;60.0;43200;21420
2026-07-20;17;2026-07;Lunes;12;60;60.0;43200;23892
2026-07-20;18;2026-07;Lunes;12;60;60.0;43200;30708
2026-07-20;19;2026-07;Lunes;12;60;60.0;43200;23713
2026-07-20;20;2026-07;Lunes;12;60;60.0;43200;21149
2026-07-20;21;2026-07;Lunes;12;60;60.0;43200;20075
2026-07-20;22;2026-07;Lunes;12;60;60.0;43200;10993
2026-07-21;7;2026-07;Martes;12;60;60.0;43200;7736
2026-07-21;8;2026-07;Martes;12;60;60.0;43200;13352
2026-07-21;9;2026-07;Martes;12;60;60.0;43200;18993
2026-07-21;10;2026-07;Martes;12;60;60.0;43200;26189
2026-07-21;11;2026-07;Martes;12;60;60.0;43200;31901
2026-07-21;12;2026-07;Martes;12;60;60.0;43200;26664
2026-07-21;13;2026-07;Martes;12;60;60.0;43200;28024
2026-07-21;14;2026-07;Martes;12;60;60.0;43200;23844
2026-07-21;15;2026-07;Martes;12;60;60.0;43200;18856
2026-07-21;16;2026-07;Martes;12;60;60.0;43200;22092
2026-07-21;17;2026-07;Martes;12;60;60.0;43200;22013
2026-07-21;18;2026-07;Martes;12;60;60.0;43200;20511
2026-07-21;19;2026-07;Martes;12;60;60.0;43200;29255
2026-07-21;20;2026-07;Martes;12;60;60.0;43200;21038
2026-07-21;21;2026-07;Martes;12;60;60.0;43200;14115
2026-07-21;22;2026-07;Martes;12;60;60.0;43200;9416
2026-07-22;7;2026-07;Miércoles;12;60;60.0;43200;5892
2026-07-22;8;2026-07;Miércoles;12;60;60.0;43200;13577
2026-07-22;9;2026-07;Miércoles;12;60;60.0;43200;15958
2026-07-22;10;2026-07;Miércoles;12;60;15.0;10800;5735
2026-07-22;11;2026-07;Miércoles;12;60;60.0;43200;27296
2026-07-22;12;2026-07;Miércoles;12;60;60.0;43200;26394
2026-07-22;13;2026-07;Miércoles;12;60;60.0;43200;22359
2026-07-22;14;2026-07;Miércoles;12;60;60.0;43200;21367
2026-07-22;15;2026-07;Miércoles;12;60;60.0;43200;19226
2026-07-22;16;2026-07;Miércoles;12;60;60.0;43200;16242
2026-07-22;17;2026-07;Miércoles;12;60;60.0;43200;21814
2026-07-22;18;2026-07;Miércoles;12;60;60.0;43200;20597
2026-07-22;19;2026-07;Miércoles;12;60;60.0;43200;23916
2026-07-22;20;2026-07;Miércoles;12;60;60.0;43200;21134
2026-07-22;21;2026-07;Miércoles;12;60;60.0;43200;11388
2026-07-22;22;2026-07;Miércoles;12;60;60.0;43200;7176
2026-07-23;7;2026-07;Jueves;12;60;60.0;43200;5533
2026-07-23;8;2026-07;Jueves;12;60;60.0;43200;14908
2026-07-23;9;2026-07;Jueves;12;60;60.0;43200;20865
2026-07-23;10;2026-07;Jueves;12;60;60.0;43200;23410
2026-07-23;11;2026-07;Jueves;12;60;60.0;43200;23780
2026-07-23;12;2026-07;Jueves;12;60;60.0;43200;27484
2026-07-23;13;2026-07;Jueves;12;60;60.0;43200;24723
2026-07-23;14;2026-07;Jueves;12;60;60.0;43200;23584
2026-07-23;15;2026-07;Jueves;12;60;60.0;43200;16633
2026-07-23;16;2026-07;Jueves;12;60;60.0;43200;18449
2026-07-23;17;2026-07;Jueves;12;60;60.0;43200;21130
2026-07-23;18;2026-07;Jueves;12;60;60.0;43200;27049
2026-07-23;19;2026-07;Jueves;12;60;60.0;43200;23075
2026-07-23;20;2026-07;Jueves;12;60;60.0;43200;19407
2026-07-23;21;2026-07;Jueves;12;60;60.0;43200;14717
2026-07-23;22;2026-07;Jueves;12;60;60.0;43200;10278
2026-07-24;7;2026-07;Viernes;12;60;60.0;43200;6207
2026-07-24;8;2026-07;Viernes;12;60;60.0;43200;13960
2026-07-24;9;2026-07;Viernes;12;60;60.0;43200;17840
2026-07-24;10;2026-07;Viernes;12;60;60.0;43200;25774
2026-07-24;11;2026-07;Viernes;12;60;60.0;43200;32166
2026-07-24;12;2026-07;Viernes;12;60;60.0;43200;27316
2026-07-24;13;2026-07;Viernes;12;60;60.0;43200;28226
2026-07-24;14;2026-07;Viernes;12;60;60.0;43200;23975
2026-07-24;15;2026-07;Viernes;12;60;60.0;43200;20377
2026-07-24;16;2026-07;Viernes;12;60;60.0;43200;17639
2026-07-24;17;2026-07;Viernes;12;60;60.0;43200;22940
2026-07-24;18;2026-07;Viernes;12;60;60.0;43200;29050
2026-07-24;19;2026-07;Viernes;12;60;60.0;43200;24693
2026-07-24;20;2026-07;Viernes;12;60;60.0;43200;20196
2026-07-24;21;2026-07;Viernes;12;60;60.0;43200;17054
2026-07-24;22;2026-07;Viernes;12;60;60.0;43200;9458
2026-07-25;7;2026-07;Sábado;12;60;60.0;43200;4458
2026-07-25;8;2026-07;Sábado;12;60;60.0;43200;11026
2026-07-25;9;2026-07;Sábado;12;60;60.0;43200;15594
2026-07-25;10;2026-07;Sábado;12;60;60.0;43200;20348
2026-07-25;11;2026-07;Sábado;12;60;60.0;43200;21465
2026-07-25;12;2026-07;Sábado;12;60;60.0;43200;18729
2026-07-25;13;2026-07;Sábado;12;60;60.0;43200;16264
2026-07-25;14;2026-07;Sábado;12;60;60.0;43200;15780
2026-07-25;15;2026-07;Sábado;12;60;60.0;43200;17005
2026-07-25;16;2026-07;Sábado;12;60;60.0;43200;12762
2026-07-25;17;2026-07;Sábado;12;60;60.0;43200;15283
2026-07-25;18;2026-07;Sábado;12;60;60.0;43200;20382
2026-07-25;19;2026-07;Sábado;12;60;60.0;43200;18029
2026-07-25;20;2026-07;Sábado;12;60;60.0;43200;17978
2026-07-25;21;2026-07;Sábado;12;60;60.0;43200;12376
2026-07-25;22;2026-07;Sábado;12;60;60.0;43200;5938
2026-07-26;7;2026-07;Domingo;12;60;60.0;43200;3961
2026-07-26;8;2026-07;Domingo;12;60;60.0;43200;6739
2026-07-26;9;2026-07;Domingo;12;60;60.0;43200;9211
2026-07-26;10;2026-07;Domingo;12;60;60.0;43200;12540
2026-07-26;11;2026-07;Domingo;12;60;60.0;43200;14950
2026-07-26;12;2026-07;Domingo;12;60;60.0;43200;14324
2026-07-26;13;2026-07;Domingo;12;60;60.0;43200;14365
2026-07-26;14;2026-07;Domingo;12;60;60.0;43200;10949
2026-07-26;15;2026-07;Domingo;12;60;60.0;43200;13031
2026-07-26;16;2026-07;Domingo;12;60;60.0;43200;10792
2026-07-26;17;2026-07;Domingo;12;60;60.0;43200;12444
2026-07-26;18;2026-07;Domingo;12;60;60.0;43200;13676
2026-07-26;19;2026-07;Domingo;12;60;60.0;43200;13348
2026-07-26;20;2026-07;Domingo;12;60;60.0;43200;11909
2026-07-26;21;2026-07;Domingo;12;60;60.0;43200;6338
2026-07-26;22;2026-07;Domingo;12;60;60.0;43200;6663
2026-07-27;7;2026-07;Lunes;12;60;60.0;43200;8312
2026-07-27;8;2026-07;Lunes;12;60;60.0;43200;13196
2026-07-27;9;2026-07;Lunes;12;60;60.0;43200;21800
2026-07-27;10;2026-07;Lunes;12;60;60.0;43200;26945
2026-07-27;11;2026-07;Lunes;12;60;60.0;43200;28822
2026-07-27;12;2026-07;Lunes;12;60;60.0;43200;34555
2026-07-27;13;2026-07;Lunes;12;60;60.0;43200;27027
2026-07-27;14;2026-07;Lunes;12;60;60.0;43200;23223
2026-07-27;15;2026-07;Lunes;12;60;60.0;43200;23223
2026-07-27;16;2026-07;Lunes;12;60;60.0;43200;21379
2026-07-27;17;2026-07;Lunes;12;60;60.0;43200;25160
2026-07-27;18;2026-07;Lunes;12;60;60.0;43200;24226
2026-07-27;19;2026-07;Lunes;12;60;60.0;43200;29501
2026-07-27;20;2026-07;Lunes;12;60;60.0;43200;22412
2026-07-27;21;2026-07;Lunes;12;60;60.0;43200;17533
2026-07-27;22;2026-07;Lunes;12;60;60.0;43200;10734
2026-07-28;7;2026-07;Martes;12;60;60.0;43200;7264
2026-07-28;8;2026-07;Martes;12;60;60.0;43200;17404
2026-07-28;9;2026-07;Martes;12;60;60.0;43200;19936
2026-07-28;10;2026-07;Martes;12;60;60.0;43200;25451
2026-07-28;11;2026-07;Martes;12;60;60.0;43200;27759
2026-07-28;12;2026-07;Martes;12;60;60.0;43200;27989
2026-07-28;13;2026-07;Martes;12;60;60.0;43200;25458
2026-07-28;14;2026-07;Martes;12;60;60.0;43200;21392
2026-07-28;15;2026-07;Martes;12;60;60.0;43200;16907
2026-07-28;16;2026-07;Martes;12;60;60.0;43200;18069
2026-07-28;17;2026-07;Martes;12;60;60.0;43200;22428
2026-07-28;18;2026-07;Martes;12;60;60.0;43200;24092
2026-07-28;19;2026-07;Martes;12;60;60.0;43200;22293
2026-07-28;20;2026-07;Martes;12;60;60.0;43200;23667
2026-07-28;21;2026-07;Martes;12;60;60.0;43200;13535
2026-07-28;22;2026-07;Martes;12;60;60.0;43200;10499
2026-07-29;7;2026-07;Miércoles;12;60;60.0;43200;8227
2026-07-29;8;2026-07;Miércoles;12;60;60.0;43200;11925
2026-07-29;9;2026-07;Miércoles;12;60;60.0;43200;19295
2026-07-29;10;2026-07;Miércoles;12;60;60.0;43200;22228
2026-07-29;11;2026-07;Miércoles;12;60;60.0;43200;29089
2026-07-29;12;2026-07;Miércoles;12;60;60.0;43200;23506
2026-07-29;13;2026-07;Miércoles;12;60;60.0;43200;26552
2026-07-29;14;2026-07;Miércoles;12;60;60.0;43200;19318
2026-07-29;15;2026-07;Miércoles;12;60;60.0;43200;18436
2026-07-29;16;2026-07;Miércoles;12;60;60.0;43200;15790
2026-07-29;17;2026-07;Miércoles;12;60;60.0;43200;23569
2026-07-29;18;2026-07;Miércoles;12;60;60.0;43200;25665
2026-07-29;19;2026-07;Miércoles;12;60;60.0;43200;22511
2026-07-29;20;2026-07;Miércoles;12;60;60.0;43200;19434
2026-07-29;21;2026-07;Miércoles;12;60;60.0;43200;13943
2026-07-29;22;2026-07;Miércoles;12;60;60.0;43200;7595
2026-07-30;7;2026-07;Jueves;12;60;60.0;43200;5328
2026-07-30;8;2026-07;Jueves;12;60;60.0;43200;12496
2026-07-30;9;2026-07;Jueves;12;60;60.0;43200;16988
2026-07-30;10;2026-07;Jueves;12;60;60.0;43200;23973
2026-07-30;11;2026-07;Jueves;12;60;60.0;43200;23548
2026-07-30;12;2026-07;Jueves;12;60;60.0;43200;25517
2026-07-30;13;2026-07;Jueves;12;60;60.0;43200;22600
2026-07-30;14;2026-07;Jueves;12;60;60.0;43200;24420
2026-07-30;15;2026-07;Jueves;12;60;60.0;43200;17890
2026-07-30;16;2026-07;Jueves;12;60;60.0;43200;16049
2026-07-30;17;2026-07;Jueves;12;60;60.0;43200;22409
2026-07-30;18;2026-07;Jueves;12;60;60.0;43200;25224
2026-07-30;19;2026-07;Jueves;12;60;60.0;43200;24421
2026-07-30;20;2026-07;Jueves;12;60;60.0;43200;21284
2026-07-30;21;2026-07;Jueves;12;60;60.0;43200;15844
2026-07-30;22;2026-07;Jueves;12;60;60.0;43200;8471
2026-07-31;7;2026-07;Viernes;12;60;60.0;43200;6472
2026-07-31;8;2026-07;Viernes;12;60;60.0;43200;12922
2026-07-31;9;2026-07;Viernes;12;60;60.0;43200;22131
2026-07-31;10;2026-07;Viernes;12;60;60.0;43200;25602
2026-07-31;11;2026-07;Viernes;12;60;60.0;43200;29276
2026-07-31;12;2026-07;Viernes;12;60;60.0;43200;29920
2026-07-31;13;2026-07;Viernes;12;60;60.0;43200;29138
2026-07-31;14;2026-07;Viernes;12;60;60.0;43200;19925
2026-07-31;15;2026-07;Viernes;12;60;60.0;43200;18688
2026-07-31;16;2026-07;Viernes;12;60;60.0;43200;19509
2026-07-31;17;2026-07;Viernes;12;60;60.0;43200;24033
2026-07-31;18;2026-07;Viernes;12;60;60.0;43200;26485
2026-07-31;19;2026-07;Viernes;12;60;60.0;43200;26867
2026-07-31;20;2026-07;Viernes;12;60;60.0;43200;21651
2026-07-31;21;2026-07;Viernes;12;60;60.0;43200;18849
2026-07-31;22;2026-07;Viernes;12;60;60.0;43200;11501
2026-08-01;7;2026-08;Sábado;12;60;60.0;43200;5421
2026-08-01;8;2026-08;Sábado;12;60;60.0;43200;8913
2026-08-01;9;2026-08;Sábado;12;60;60.0;43200;17450
2026-08-01;10;2026-08;Sábado;12;60;60.0;43200;22913
2026-08-01;11;2026-08;Sábado;12;60;60.0;43200;24266
2026-08-01;12;2026-08;Sábado;12;60;60.0;43200;24363
2026-08-01;13;2026-08;Sábado;12;60;60.0;43200;18487
2026-08-01;14;2026-08;Sábado;12;60;60.0;43200;18732
2026-08-01;15;2026-08;Sábado;12;60;60.0;43200;14611
2026-08-01;16;2026-08;Sábado;12;60;60.0;43200;16599
2026-08-01;17;2026-08;Sábado;12;60;60.0;43200;19804
2026-08-01;18;2026-08;Sábado;12;60;60.0;43200;20968
2026-08-01;19;2026-08;Sábado;12;60;60.0;43200;22320
2026-08-01;20;2026-08;Sábado;12;60;60.0;43200;16438
2026-08-01;21;2026-08;Sábado;12;60;60.0;43200;11941
2026-08-01;22;2026-08;Sábado;12;60;60.0;43200;7613
2026-08-02;7;2026-08;Domingo;12;60;60.0;43200;4122
2026-08-02;8;2026-08;Domingo;12;60;60.0;43200;8995
2026-08-02;9;2026-08;Domingo;12;60;60.0;43200;12514
2026-08-02;10;2026-08;Domingo;12;60;60.0;43200;16895
2026-08-02;11;2026-08;Domingo;12;60;60.0;43200;15973
2026-08-02;12;2026-08;Domingo;12;60;60.0;43200;19854
2026-08-02;13;2026-08;Domingo;12;60;60.0;43200;13995
2026-08-02;14;2026-08;Domingo;12;60;60.0;43200;13865
2026-08-02;15;2026-08;Domingo;12;60;60.0;43200;11064
2026-08-02;16;2026-08;Domingo;12;60;60.0;43200;12153
2026-08-02;17;2026-08;Domingo;12;60;60.0;43200;14752
2026-08-02;18;2026-08;Domingo;12;60;60.0;43200;12504
2026-08-02;19;2026-08;Domingo;12;60;60.0;43200;13741
2026-08-02;20;2026-08;Domingo;12;60;60.0;43200;16040
2026-08-02;21;2026-08;Domingo;12;60;60.0;43200;9552
2026-08-02;22;2026-08;Domingo;12;60;60.0;43200;7642
2026-08-03;7;2026-08;Lunes;12;60;60.0;43200;7803
2026-08-03;8;2026-08;Lunes;12;60;60.0;43200;15597
2026-08-03;9;2026-08;Lunes;12;60;60.0;43200;24758
2026-08-03;10;2026-08;Lunes;12;60;60.0;43200;33242
2026-08-03;11;2026-08;Lunes;12;60;60.0;43200;35071
2026-08-03;12;2026-08;Lunes;12;60;60.0;43200;33039
2026-08-03;13;2026-08;Lunes;12;60;60.0;43200;30608
2026-08-03;14;2026-08;Lunes;12;60;60.0;43200;26972
2026-08-03;15;2026-08;Lunes;12;60;60.0;43200;24385
2026-08-03;16;2026-08;Lunes;12;60;60.0;43200;27807
2026-08-03;17;2026-08;Lunes;12;60;60.0;43200;30267
2026-08-03;18;2026-08;Lunes;12;60;60.0;43200;31664
2026-08-03;19;2026-08;Lunes;12;60;60.0;43200;28887
2026-08-03;20;2026-08;Lunes;12;60;60.0;43200;28651
2026-08-03;21;2026-08;Lunes;12;60;60.0;43200;20329
2026-08-03;22;2026-08;Lunes;12;60;60.0;43200;10676
2026-08-04;7;2026-08;Martes;12;60;60.0;43200;20549
2026-08-04;8;2026-08;Martes;12;60;60.0;43200;39587
2026-08-04;9;2026-08;Martes;12;60;60.0;43200;38019
2026-08-04;10;2026-08;Martes;12;60;60.0;43200;30951
2026-08-04;11;2026-08;Martes;12;60;60.0;43200;38199
2026-08-04;12;2026-08;Martes;12;60;60.0;43200;38281
2026-08-04;13;2026-08;Martes;12;60;60.0;43200;31271
2026-08-04;14;2026-08;Martes;12;60;60.0;43200;36870
2026-08-04;15;2026-08;Martes;12;60;60.0;43200;35103
2026-08-04;16;2026-08;Martes;12;60;60.0;43200;43200
2026-08-04;17;2026-08;Martes;12;60;60.0;43200;32717
2026-08-04;18;2026-08;Martes;12;60;60.0;43200;34231
2026-08-04;19;2026-08;Martes;12;60;30.0;21600;17022
2026-08-04;20;2026-08;Martes;12;60;60.0;43200;37350
2026-08-04;21;2026-08;Martes;12;60;60.0;43200;43200
2026-08-04;22;2026-08;Martes;12;60;60.0;43200;28677
2026-08-05;7;2026-08;Miércoles;12;60;60.0;43200;12297
2026-08-05;8;2026-08;Miércoles;12;60;60.0;43200;26854
2026-08-05;9;2026-08;Miércoles;12;60;60.0;43200;35376
2026-08-05;10;2026-08;Miércoles;12;60;60.0;43200;43200
2026-08-05;11;2026-08;Miércoles;12;60;60.0;43200;43200
2026-08-05;12;2026-08;Miércoles;12;60;60.0;43200;43200
2026-08-05;13;2026-08;Miércoles;12;60;60.0;43200;43200
2026-08-05;14;2026-08;Miércoles;12;60;60.0;43200;43200
2026-08-05;15;2026-08;Miércoles;12;60;60.0;43200;37472
2026-08-05;16;2026-08;Miércoles;12;60;60.0;43200;38512
2026-08-05;17;2026-08;Miércoles;12;60;60.0;43200;43200
2026-08-05;18;2026-08;Miércoles;12;60;60.0;43200;43200
2026-08-05;19;2026-08;Miércoles;12;60;60.0;43200;43200
2026-08-05;20;2026-08;Miércoles;12;60;60.0;43200;43200
2026-08-05;21;2026-08;Miércoles;12;60;60.0;43200;37248
2026-08-05;22;2026-08;Miércoles;12;60;60.0;43200;23097
2026-08-06;7;2026-08;Jueves;12;60;60.0;43200;6811
2026-08-06;8;2026-08;Jueves;12;60;60.0;43200;14597
2026-08-06;9;2026-08;Jueves;12;60;60.0;43200;19965
2026-08-06;10;2026-08;Jueves;12;60;60.0;43200;27220
2026-08-06;11;2026-08;Jueves;12;60;60.0;43200;30529
2026-08-06;12;2026-08;Jueves;12;60;60.0;43200;32277
2026-08-06;13;2026-08;Jueves;12;60;60.0;43200;25463
2026-08-06;14;2026-08;Jueves;12;60;60.0;43200;21871
2026-08-06;15;2026-08;Jueves;12;60;60.0;43200;19477
2026-08-06;16;2026-08;Jueves;12;60;60.0;43200;18795
2026-08-06;17;2026-08;Jueves;12;60;60.0;43200;24854
2026-08-06;18;2026-08;Jueves;12;60;60.0;43200;28910
2026-08-06;19;2026-08;Jueves;12;60;60.0;43200;29375
2026-08-06;20;2026-08;Jueves;12;60;60.0;43200;22753
2026-08-06;21;2026-08;Jueves;12;60;60.0;43200;16070
2026-08-06;22;2026-08;Jueves;12;60;60.0;43200;14621
2026-08-07;7;2026-08;Viernes;12;60;60.0;43200;6624
2026-08-07;8;2026-08;Viernes;12;60;60.0;43200;13384
2026-08-07;9;2026-08;Viernes;12;60;60.0;43200;23341
2026-08-07;10;2026-08;Viernes;12;60;60.0;43200;30584
2026-08-07;11;2026-08;Viernes;12;60;60.0;43200;32625
2026-08-07;12;2026-08;Viernes;12;60;60.0;43200;33621
2026-08-07;13;2026-08;Viernes;12;60;60.0;43200;28740
2026-08-07;14;2026-08;Viernes;12;60;60.0;43200;23740
2026-08-07;15;2026-08;Viernes;12;60;60.0;43200;22378
2026-08-07;16;2026-08;Viernes;12;60;60.0;43200;21137
2026-08-07;17;2026-08;Viernes;12;60;60.0;43200;22195
2026-08-07;18;2026-08;Viernes;12;60;60.0;43200;33028
2026-08-07;19;2026-08;Viernes;12;60;60.0;43200;29563
2026-08-07;20;2026-08;Viernes;12;60;60.0;43200;26292
2026-08-07;21;2026-08;Viernes;12;60;60.0;43200;19124
2026-08-07;22;2026-08;Viernes;12;60;60.0;43200;11931
2026-08-08;7;2026-08;Sábado;12;60;60.0;43200;5380
2026-08-08;8;2026-08;Sábado;12;60;60.0;43200;10094
2026-08-08;9;2026-08;Sábado;12;60;60.0;43200;14788
2026-08-08;10;2026-08;Sábado;12;60;60.0;43200;20593
2026-08-08;11;2026-08;Sábado;12;60;60.0;43200;21034
2026-08-08;12;2026-08;Sábado;12;60;60.0;43200;25073
2026-08-08;13;2026-08;Sábado;12;60;60.0;43200;20754
2026-08-08;14;2026-08;Sábado;12;60;60.0;43200;21735
2026-08-08;15;2026-08;Sábado;12;60;60.0;43200;14100
2026-08-08;16;2026-08;Sábado;12;60;60.0;43200;17760
2026-08-08;17;2026-08;Sábado;12;60;60.0;43200;19721
2026-08-08;18;2026-08;Sábado;12;60;60.0;43200;23762
2026-08-08;19;2026-08;Sábado;12;60;60.0;43200;17548
2026-08-08;20;2026-08;Sábado;12;60;60.0;43200;19491
2026-08-08;21;2026-08;Sábado;12;60;60.0;43200;13487
2026-08-08;22;2026-08;Sábado;12;60;60.0;43200;5411
2026-08-09;7;2026-08;Domingo;12;60;60.0;43200;4028
2026-08-09;8;2026-08;Domingo;12;60;60.0;43200;11532
2026-08-09;9;2026-08;Domingo;12;60;60.0;43200;12789
2026-08-09;10;2026-08;Domingo;12;60;60.0;43200;16967
2026-08-09;11;2026-08;Domingo;12;60;60.0;43200;18741
2026-08-09;12;2026-08;Domingo;12;60;60.0;43200;16843
2026-08-09;13;2026-08;Domingo;12;60;60.0;43200;16215
2026-08-09;14;2026-08;Domingo;12;60;60.0;43200;15101
2026-08-09;15;2026-08;Domingo;12;60;60.0;43200;12448
2026-08-09;16;2026-08;Domingo;12;60;60.0;43200;15106
2026-08-09;17;2026-08;Domingo;12;60;60.0;43200;14737
2026-08-09;18;2026-08;Domingo;12;60;60.0;43200;14314
2026-08-09;19;2026-08;Domingo;12;60;60.0;43200;16783
2026-08-09;20;2026-08;Domingo;12;60;60.0;43200;15564
2026-08-09;21;2026-08;Domingo;12;60;60.0;43200;9599
2026-08-09;22;2026-08;Domingo;12;60;60.0;43200;7896
2026-08-10;7;2026-08;Lunes;12;60;60.0;43200;7385
2026-08-10;8;2026-08;Lunes;12;60;60.0;43200;14107
2026-08-10;9;2026-08;Lunes;12;60;60.0;43200;23544
2026-08-10;10;2026-08;Lunes;12;60;60.0;43200;32343
2026-08-10;11;2026-08;Lunes;12;60;60.0;43200;36867
2026-08-10;12;2026-08;Lunes;12;60;60.0;43200;33548
2026-08-10;13;2026-08;Lunes;12;60;60.0;43200;29926
2026-08-10;14;2026-08;Lunes;12;60;60.0;43200;24600
2026-08-10;15;2026-08;Lunes;12;60;60.0;43200;23318
2026-08-10;16;2026-08;Lunes;12;60;60.0;43200;25730
2026-08-10;17;2026-08;Lunes;12;60;60.0;43200;26808
2026-08-10;18;2026-08;Lunes;12;60;60.0;43200;27563
2026-08-10;19;2026-08;Lunes;12;60;60.0;43200;32534
2026-08-10;20;2026-08;Lunes;12;60;60.0;43200;24261
2026-08-10;21;2026-08;Lunes;12;60;60.0;43200;18113
2026-08-10;22;2026-08;Lunes;12;60;60.0;43200;10548
2026-08-11;7;2026-08;Martes;12;60;60.0;43200;4981
2026-08-11;8;2026-08;Martes;12;60;60.0;43200;15535
2026-08-11;9;2026-08;Martes;12;60;60.0;43200;23405
2026-08-11;10;2026-08;Martes;12;60;60.0;43200;28046
2026-08-11;11;2026-08;Martes;12;60;60.0;43200;32255
2026-08-11;12;2026-08;Martes;12;60;60.0;43200;32654
2026-08-11;13;2026-08;Martes;12;60;60.0;43200;29678
2026-08-11;14;2026-08;Martes;12;60;60.0;43200;22376
2026-08-11;15;2026-08;Martes;12;60;60.0;43200;20542
2026-08-11;16;2026-08;Martes;12;60;60.0;43200;19998
2026-08-11;17;2026-08;Martes;12;60;60.0;43200;25080
2026-08-11;18;2026-08;Martes;12;60;60.0;43200;27482
2026-08-11;19;2026-08;Martes;12;60;60.0;43200;28623
2026-08-11;20;2026-08;Martes;12;60;60.0;43200;24125
2026-08-11;21;2026-08;Martes;12;60;60.0;43200;16060
2026-08-11;22;2026-08;Martes;12;60;60.0;43200;11430
2026-08-12;7;2026-08;Miércoles;12;60;60.0;43200;5301
2026-08-12;8;2026-08;Miércoles;12;60;60.0;43200;14067
2026-08-12;9;2026-08;Miércoles;12;60;60.0;43200;18680
2026-08-12;10;2026-08;Miércoles;12;60;60.0;43200;25203
2026-08-12;11;2026-08;Miércoles;12;60;60.0;43200;26763
2026-08-12;12;2026-08;Miércoles;12;60;60.0;43200;29906
2026-08-12;13;2026-08;Miércoles;12;60;60.0;43200;27626
2026-08-12;14;2026-08;Miércoles;12;60;20.0;14400;8841
2026-08-12;15;2026-08;Miércoles;12;60;10.0;7200;3110
2026-08-12;16;2026-08;Miércoles;12;60;60.0;43200;20853
2026-08-12;17;2026-08;Miércoles;12;60;60.0;43200;23445
2026-08-12;18;2026-08;Miércoles;12;60;60.0;43200;28833
2026-08-12;19;2026-08;Miércoles;12;60;60.0;43200;29205
2026-08-12;20;2026-08;Miércoles;12;60;60.0;43200;26379
2026-08-12;21;2026-08;Miércoles;12;60;60.0;43200;19409
2026-08-12;22;2026-08;Miércoles;12;60;60.0;43200;9375
2026-08-13;7;2026-08;Jueves;12;60;60.0;43200;7051
2026-08-13;8;2026-08;Jueves;12;60;60.0;43200;12083
2026-08-13;9;2026-08;Jueves;12;60;60.0;43200;20289
2026-08-13;10;2026-08;Jueves;12;60;60.0;43200;27845
2026-08-13;11;2026-08;Jueves;12;60;60.0;43200;29030
2026-08-13;12;2026-08;Jueves;12;60;60.0;43200;33178
2026-08-13;13;2026-08;Jueves;12;60;60.0;43200;23995
2026-08-13;14;2026-08;Jueves;12;60;60.0;43200;24463
2026-08-13;15;2026-08;Jueves;12;60;60.0;43200;17786
2026-08-13;16;2026-08;Jueves;12;60;60.0;43200;22250
2026-08-13;17;2026-08;Jueves;12;60;60.0;43200;23396
2026-08-13;18;2026-08;Jueves;12;60;60.0;43200;28827
2026-08-13;19;2026-08;Jueves;12;60;60.0;43200;26947
2026-08-13;20;2026-08;Jueves;12;60;60.0;43200;26630
2026-08-13;21;2026-08;Jueves;12;60;60.0;43200;15923
2026-08-13;22;2026-08;Jueves;12;60;60.0;43200;8126
2026-08-14;7;2026-08;Viernes;12;60;60.0;43200;5693
2026-08-14;8;2026-08;Viernes;12;60;60.0;43200;13346
2026-08-14;9;2026-08;Viernes;12;60;60.0;43200;21893
2026-08-14;10;2026-08;Viernes;12;60;60.0;43200;27779
2026-08-14;11;2026-08;Viernes;12;60;60.0;43200;34645
2026-08-14;12;2026-08;Viernes;12;60;60.0;43200;31835
2026-08-14;13;2026-08;Viernes;12;60;60.0;43200;27916
2026-08-14;14;2026-08;Viernes;12;60;60.0;43200;28995
2026-08-14;15;2026-08;Viernes;12;60;60.0;43200;21507
2026-08-14;16;2026-08;Viernes;12;60;60.0;43200;21532
2026-08-14;17;2026-08;Viernes;12;60;60.0;43200;23534
2026-08-14;18;2026-08;Viernes;12;60;60.0;43200;31327
2026-08-14;19;2026-08;Viernes;12;60;60.0;43200;30893
2026-08-14;20;2026-08;Viernes;12;60;60.0;43200;26567
2026-08-14;21;2026-08;Viernes;12;60;60.0;43200;18413
2026-08-14;22;2026-08;Viernes;12;60;60.0;43200;9950
2026-08-15;7;2026-08;Sábado;12;60;60.0;43200;6549
2026-08-15;8;2026-08;Sábado;12;60;60.0;43200;12154
2026-08-15;9;2026-08;Sábado;12;60;60.0;43200;15233
2026-08-15;10;2026-08;Sábado;12;60;60.0;43200;19389
2026-08-15;11;2026-08;Sábado;12;60;60.0;43200;26057
2026-08-15;12;2026-08;Sábado;12;60;60.0;43200;29365
2026-08-15;13;2026-08;Sábado;12;60;60.0;43200;19585
2026-08-15;14;2026-08;Sábado;12;60;60.0;43200;20128
2026-08-15;15;2026-08;Sábado;12;60;60.0;43200;15860
2026-08-15;16;2026-08;Sábado;12;60;60.0;43200;16558
2026-08-15;17;2026-08;Sábado;12;60;60.0;43200;16748
2026-08-15;18;2026-08;Sábado;12;60;60.0;43200;23296
2026-08-15;19;2026-08;Sábado;12;60;60.0;43200;22877
2026-08-15;20;2026-08;Sábado;12;60;60.0;43200;17209
2026-08-15;21;2026-08;Sábado;12;60;60.0;43200;12343
2026-08-15;22;2026-08;Sábado;12;60;60.0;43200;9692
2026-08-16;7;2026-08;Domingo;12;60;60.0;43200;4143
2026-08-16;8;2026-08;Domingo;12;60;60.0;43200;7787
2026-08-16;9;2026-08;Domingo;12;60;60.0;43200;11739
2026-08-16;10;2026-08;Domingo;12;60;60.0;43200;16598
2026-08-16;11;2026-08;Domingo;12;60;60.0;43200;19191
2026-08-16;12;2026-08;Domingo;12;60;60.0;43200;16013
2026-08-16;13;2026-08;Domingo;12;60;60.0;43200;18628
2026-08-16;14;2026-08;Domingo;12;60;60.0;43200;15925
2026-08-16;15;2026-08;Domingo;12;60;60.0;43200;9224
2026-08-16;16;2026-08;Domingo;12;60;60.0;43200;11821
2026-08-16;17;2026-08;Domingo;12;60;60.0;43200;13711
2026-08-16;18;2026-08;Domingo;12;60;60.0;43200;16184
2026-08-16;19;2026-08;Domingo;12;60;60.0;43200;15761
2026-08-16;20;2026-08;Domingo;12;60;60.0;43200;13300
2026-08-16;21;2026-08;Domingo;12;60;60.0;43200;10196
2026-08-16;22;2026-08;Domingo;12;60;60.0;43200;5253
2026-08-17;7;2026-08;Lunes;12;60;60.0;43200;8600
2026-08-17;8;2026-08;Lunes;12;60;60.0;43200;13712
2026-08-17;9;2026-08;Lunes;12;60;60.0;43200;25672
2026-08-17;10;2026-08;Lunes;12;60;60.0;43200;34017
2026-08-17;11;2026-08;Lunes;12;60;60.0;43200;32729
2026-08-17;12;2026-08;Lunes;12;60;60.0;43200;36187
2026-08-17;13;2026-08;Lunes;12;60;60.0;43200;31612
2026-08-17;14;2026-08;Lunes;12;60;60.0;43200;28527
2026-08-17;15;2026-08;Lunes;12;60;60.0;43200;20400
2026-08-17;16;2026-08;Lunes;12;60;60.0;43200;20593
2026-08-17;17;2026-08;Lunes;12;60;60.0;43200;28836
2026-08-17;18;2026-08;Lunes;12;60;60.0;43200;30082
2026-08-17;19;2026-08;Lunes;12;60;60.0;43200;23667
2026-08-17;20;2026-08;Lunes;12;60;60.0;43200;25672
2026-08-17;21;2026-08;Lunes;12;60;60.0;43200;17900
2026-08-17;22;2026-08;Lunes;12;60;60.0;43200;12045
2026-08-18;7;2026-08;Martes;12;60;60.0;43200;7822
2026-08-18;8;2026-08;Martes;12;60;60.0;43200;11890
2026-08-18;9;2026-08;Martes;12;60;60.0;43200;21751
2026-08-18;10;2026-08;Martes;12;60;60.0;43200;28584
2026-08-18;11;2026-08;Martes;12;60;60.0;43200;31822
2026-08-18;12;2026-08;Martes;12;60;60.0;43200;31677
2026-08-18;13;2026-08;Martes;12;60;60.0;43200;25817
2026-08-18;14;2026-08;Martes;12;60;60.0;43200;26261
2026-08-18;15;2026-08;Martes;12;60;60.0;43200;20060
2026-08-18;16;2026-08;Martes;12;60;60.0;43200;22887
2026-08-18;17;2026-08;Martes;12;60;60.0;43200;24405
2026-08-18;18;2026-08;Martes;12;60;60.0;43200;27320
2026-08-18;19;2026-08;Martes;12;60;60.0;43200;26212
2026-08-18;20;2026-08;Martes;12;60;60.0;43200;28522
2026-08-18;21;2026-08;Martes;12;60;60.0;43200;17339
2026-08-18;22;2026-08;Martes;12;60;60.0;43200;8875
2026-08-19;7;2026-08;Miércoles;12;60;60.0;43200;8121
2026-08-19;8;2026-08;Miércoles;12;60;60.0;43200;13128
2026-08-19;9;2026-08;Miércoles;12;60;60.0;43200;22361
2026-08-19;10;2026-08;Miércoles;12;60;60.0;43200;25339
2026-08-19;11;2026-08;Miércoles;12;60;60.0;43200;27764
2026-08-19;12;2026-08;Miércoles;12;60;60.0;43200;30807
2026-08-19;13;2026-08;Miércoles;12;60;60.0;43200;22966
2026-08-19;14;2026-08;Miércoles;12;60;60.0;43200;22536
2026-08-19;15;2026-08;Miércoles;12;60;60.0;43200;21300
2026-08-19;16;2026-08;Miércoles;12;60;60.0;43200;19419
2026-08-19;17;2026-08;Miércoles;12;60;60.0;43200;23406
2026-08-19;18;2026-08;Miércoles;12;60;60.0;43200;28364
2026-08-19;19;2026-08;Miércoles;12;60;60.0;43200;26364
2026-08-19;20;2026-08;Miércoles;12;60;60.0;43200;25767
2026-08-19;21;2026-08;Miércoles;12;60;60.0;43200;18481
2026-08-19;22;2026-08;Miércoles;12;60;60.0;43200;10120
2026-08-20;7;2026-08;Jueves;12;60;60.0;43200;5261
2026-08-20;8;2026-08;Jueves;12;60;60.0;43200;14476
2026-08-20;9;2026-08;Jueves;12;60;60.0;43200;19776
2026-08-20;10;2026-08;Jueves;12;60;60.0;43200;27515
2026-08-20;11;2026-08;Jueves;12;60;60.0;43200;29175
2026-08-20;12;2026-08;Jueves;12;60;60.0;43200;35203
2026-08-20;13;2026-08;Jueves;12;60;60.0;43200;27539
2026-08-20;14;2026-08;Jueves;12;60;60.0;43200;22835
2026-08-20;15;2026-08;Jueves;12;60;60.0;43200;20770
2026-08-20;16;2026-08;Jueves;12;60;60.0;43200;17090
2026-08-20;17;2026-08;Jueves;12;60;60.0;43200;23542
2026-08-20;18;2026-08;Jueves;12;60;60.0;43200;24750
2026-08-20;19;2026-08;Jueves;12;60;60.0;43200;27964
2026-08-20;20;2026-08;Jueves;12;60;60.0;43200;22894
2026-08-20;21;2026-08;Jueves;12;60;60.0;43200;17275
2026-08-20;22;2026-08;Jueves;12;60;60.0;43200;11452
2026-08-21;7;2026-08;Viernes;12;60;60.0;43200;17433
2026-08-21;8;2026-08;Viernes;12;60;60.0;43200;32896
2026-08-21;9;2026-08;Viernes;12;60;60.0;43200;41592
2026-08-21;10;2026-08;Viernes;12;60;60.0;43200;35470
2026-08-21;11;2026-08;Viernes;12;60;60.0;43200;33136
2026-08-21;12;2026-08;Viernes;12;60;60.0;43200;31731
2026-08-21;13;2026-08;Viernes;12;60;60.0;43200;36844
2026-08-21;14;2026-08;Viernes;12;60;60.0;43200;43200
2026-08-21;15;2026-08;Viernes;12;60;60.0;43200;42919
2026-08-21;16;2026-08;Viernes;12;60;60.0;43200;43200
2026-08-21;17;2026-08;Viernes;12;60;60.0;43200;43200
2026-08-21;18;2026-08;Viernes;12;60;60.0;43200;43200
2026-08-21;19;2026-08;Viernes;12;60;60.0;43200;36517
2026-08-21;20;2026-08;Viernes;12;60;60.0;43200;43200
2026-08-21;21;2026-08;Viernes;12;60;60.0;43200;34527
2026-08-21;22;2026-08;Viernes;12;60;60.0;43200;24751
2026-08-22;7;2026-08;Sábado;12;60;60.0;43200;5886
2026-08-22;8;2026-08;Sábado;12;60;60.0;43200;12468
2026-08-22;9;2026-08;Sábado;12;60;60.0;43200;12201
2026-08-22;10;2026-08;Sábado;12;60;60.0;43200;23122
2026-08-22;11;2026-08;Sábado;12;60;60.0;43200;24841
2026-08-22;12;2026-08;Sábado;12;60;60.0;43200;25725
2026-08-22;13;2026-08;Sábado;12;60;60.0;43200;24337
2026-08-22;14;2026-08;Sábado;12;60;60.0;43200;18180
2026-08-22;15;2026-08;Sábado;12;60;60.0;43200;15089
2026-08-22;16;2026-08;Sábado;12;60;60.0;43200;15646
2026-08-22;17;2026-08;Sábado;12;60;60.0;43200;16978
2026-08-22;18;2026-08;Sábado;12;60;60.0;43200;23357
2026-08-22;19;2026-08;Sábado;12;60;60.0;43200;20228
2026-08-22;20;2026-08;Sábado;12;60;60.0;43200;19080
2026-08-22;21;2026-08;Sábado;12;60;60.0;43200;12624
2026-08-22;22;2026-08;Sábado;12;60;60.0;43200;9058
2026-08-23;7;2026-08;Domingo;12;60;60.0;43200;2974
2026-08-23;8;2026-08;Domingo;12;60;60.0;43200;6820
2026-08-23;9;2026-08;Domingo;12;60;60.0;43200;10989
2026-08-23;10;2026-08;Domingo;12;60;60.0;43200;15974
2026-08-23;11;2026-08;Domingo;12;60;60.0;43200;18972
2026-08-23;12;2026-08;Domingo;12;60;60.0;43200;15819
2026-08-23;13;2026-08;Domingo;12;60;60.0;43200;18341
2026-08-23;14;2026-08;Domingo;12;60;60.0;43200;15104
2026-08-23;15;2026-08;Domingo;12;60;60.0;43200;11542
2026-08-23;16;2026-08;Domingo;12;60;60.0;43200;13791
2026-08-23;17;2026-08;Domingo;12;60;60.0;43200;12257
2026-08-23;18;2026-08;Domingo;12;60;60.0;43200;16205
2026-08-23;19;2026-08;Domingo;12;60;60.0;43200;17295
2026-08-23;20;2026-08;Domingo;12;60;60.0;43200;14420
2026-08-23;21;2026-08;Domingo;12;60;60.0;43200;11323
2026-08-23;22;2026-08;Domingo;12;60;60.0;43200;4922
2026-08-24;7;2026-08;Lunes;12;60;60.0;43200;7838
2026-08-24;8;2026-08;Lunes;12;60;60.0;43200;14463
2026-08-24;9;2026-08;Lunes;12;60;60.0;43200;21535
2026-08-24;10;2026-08;Lunes;12;60;60.0;43200;29489
2026-08-24;11;2026-08;Lunes;12;60;60.0;43200;34845
2026-08-24;12;2026-08;Lunes;12;60;60.0;43200;33336
2026-08-24;13;2026-08;Lunes;12;60;60.0;43200;33365
2026-08-24;14;2026-08;Lunes;12;60;60.0;43200;29854
2026-08-24;15;2026-08;Lunes;12;60;60.0;43200;25870
2026-08-24;16;2026-08;Lunes;12;60;60.0;43200;23460
2026-08-24;17;2026-08;Lunes;12;60;60.0;43200;27988
2026-08-24;18;2026-08;Lunes;12;60;60.0;43200;32709
2026-08-24;19;2026-08;Lunes;12;60;60.0;43200;31004
2026-08-24;20;2026-08;Lunes;12;60;60.0;43200;26662
2026-08-24;21;2026-08;Lunes;12;60;60.0;43200;20081
2026-08-24;22;2026-08;Lunes;12;60;60.0;43200;10759
2026-08-25;7;2026-08;Martes;12;60;60.0;43200;8977
2026-08-25;8;2026-08;Martes;12;60;60.0;43200;13902
2026-08-25;9;2026-08;Martes;12;60;60.0;43200;22810
2026-08-25;10;2026-08;Martes;12;60;60.0;43200;31068
2026-08-25;11;2026-08;Martes;12;60;60.0;43200;34125
2026-08-25;12;2026-08;Martes;12;60;60.0;43200;28089
2026-08-25;13;2026-08;Martes;12;60;60.0;43200;31827
2026-08-25;14;2026-08;Martes;12;60;60.0;43200;24936
2026-08-25;15;2026-08;Martes;12;60;60.0;43200;23032
2026-08-25;16;2026-08;Martes;12;60;60.0;43200;21049
2026-08-25;17;2026-08;Martes;12;60;60.0;43200;27823
2026-08-25;18;2026-08;Martes;12;60;60.0;43200;30908
2026-08-25;19;2026-08;Martes;12;60;60.0;43200;31767
2026-08-25;20;2026-08;Martes;12;60;60.0;43200;22108
2026-08-25;21;2026-08;Martes;12;60;60.0;43200;15520
2026-08-25;22;2026-08;Martes;12;60;60.0;43200;8222
2026-08-26;7;2026-08;Miércoles;12;60;60.0;43200;8417
2026-08-26;8;2026-08;Miércoles;12;60;60.0;43200;15537
2026-08-26;9;2026-08;Miércoles;12;60;60.0;43200;23049
2026-08-26;10;2026-08;Miércoles;12;60;60.0;43200;26282
2026-08-26;11;2026-08;Miércoles;12;60;60.0;43200;28802
2026-08-26;12;2026-08;Miércoles;12;60;60.0;43200;31670
2026-08-26;13;2026-08;Miércoles;12;60;60.0;43200;25721
2026-08-26;14;2026-08;Miércoles;12;60;60.0;43200;22452
2026-08-26;15;2026-08;Miércoles;12;60;60.0;43200;24242
2026-08-26;16;2026-08;Miércoles;12;60;60.0;43200;22720
2026-08-26;17;2026-08;Miércoles;12;60;60.0;43200;22982
2026-08-26;18;2026-08;Miércoles;12;60;60.0;43200;26016
2026-08-26;19;2026-08;Miércoles;12;60;60.0;43200;25286
2026-08-26;20;2026-08;Miércoles;12;60;60.0;43200;22631
2026-08-26;21;2026-08;Miércoles;12;60;60.0;43200;18527
2026-08-26;22;2026-08;Miércoles;12;60;60.0;43200;11287
2026-08-27;7;2026-08;Jueves;12;60;60.0;43200;6688
2026-08-27;8;2026-08;Jueves;12;60;60.0;43200;15202
2026-08-27;9;2026-08;Jueves;12;60;60.0;43200;22751
2026-08-27;10;2026-08;Jueves;12;60;60.0;43200;23231
2026-08-27;11;2026-08;Jueves;12;60;60.0;43200;28666
2026-08-27;12;2026-08;Jueves;12;60;60.0;43200;34142
2026-08-27;13;2026-08;Jueves;12;60;60.0;43200;27686
2026-08-27;14;2026-08;Jueves;12;60;60.0;43200;21465
2026-08-27;15;2026-08;Jueves;12;60;0.0;0;0
2026-08-27;16;2026-08;Jueves;12;60;60.0;43200;23169
2026-08-27;17;2026-08;Jueves;12;60;60.0;43200;23972
2026-08-27;18;2026-08;Jueves;12;60;60.0;43200;28177
2026-08-27;19;2026-08;Jueves;12;60;60.0;43200;28355
2026-08-27;20;2026-08;Jueves;12;60;60.0;43200;25138
2026-08-27;21;2026-08;Jueves;12;60;60.0;43200;18694
2026-08-27;22;2026-08;Jueves;12;60;60.0;43200;10781
2026-08-28;7;2026-08;Viernes;12;60;60.0;43200;6618
2026-08-28;8;2026-08;Viernes;12;60;60.0;43200;14024
2026-08-28;9;2026-08;Viernes;12;60;60.0;43200;21411
2026-08-28;10;2026-08;Viernes;12;60;60.0;43200;29515
2026-08-28;11;2026-08;Viernes;12;60;60.0;43200;32022
2026-08-28;12;2026-08;Viernes;12;60;60.0;43200;33292
2026-08-28;13;2026-08;Viernes;12;60;60.0;43200;26152
2026-08-28;14;2026-08;Viernes;12;60;60.0;43200;24904
2026-08-28;15;2026-08;Viernes;12;60;60.0;43200;20953
2026-08-28;16;2026-08;Viernes;12;60;60.0;43200;20428
2026-08-28;17;2026-08;Viernes;12;60;60.0;43200;25906
2026-08-28;18;2026-08;Viernes;12;60;60.0;43200;30048
2026-08-28;19;2026-08;Viernes;12;60;60.0;43200;28393
2026-08-28;20;2026-08;Viernes;12;60;60.0;43200;26880
2026-08-28;21;2026-08;Viernes;12;60;60.0;43200;17125
2026-08-28;22;2026-08;Viernes;12;60;60.0;43200;9774
2026-08-29;7;2026-08;Sábado;12;60;60.0;43200;4701
2026-08-29;8;2026-08;Sábado;12;60;60.0;43200;11676
2026-08-29;9;2026-08;Sábado;12;60;60.0;43200;15088
2026-08-29;10;2026-08;Sábado;12;60;60.0;43200;20918
2026-08-29;11;2026-08;Sábado;12;60;60.0;43200;24286
2026-08-29;12;2026-08;Sábado;12;60;60.0;43200;25725
2026-08-29;13;2026-08;Sábado;12;60;60.0;43200;20696
2026-08-29;14;2026-08;Sábado;12;60;60.0;43200;19373
2026-08-29;15;2026-08;Sábado;12;60;60.0;43200;15848
2026-08-29;16;2026-08;Sábado;12;60;60.0;43200;13669
2026-08-29;17;2026-08;Sábado;12;60;60.0;43200;20807
2026-08-29;18;2026-08;Sábado;12;60;60.0;43200;20883
2026-08-29;19;2026-08;Sábado;12;60;60.0;43200;26628
2026-08-29;20;2026-08;Sábado;12;60;60.0;43200;19872
2026-08-29;21;2026-08;Sábado;12;60;60.0;43200;12443
2026-08-29;22;2026-08;Sábado;12;60;60.0;43200;7915
2026-08-30;7;2026-08;Domingo;12;60;60.0;43200;2466
2026-08-30;8;2026-08;Domingo;12;60;60.0;43200;6531
2026-08-30;9;2026-08;Domingo;12;60;60.0;43200;10452
2026-08-30;10;2026-08;Domingo;12;60;60.0;43200;18683
2026-08-30;11;2026-08;Domingo;12;60;60.0;43200;19912
2026-08-30;12;2026-08;Domingo;12;60;60.0;43200;15620
2026-08-30;13;2026-08;Domingo;12;60;60.0;43200;16157
2026-08-30;14;2026-08;Domingo;12;60;60.0;43200;15916
2026-08-30;15;2026-08;Domingo;12;60;60.0;43200;10988
2026-08-30;16;2026-08;Domingo;12;60;60.0;43200;11819
2026-08-30;17;2026-08;Domingo;12;60;60.0;43200;14140
2026-08-30;18;2026-08;Domingo;12;60;60.0;43200;15336
2026-08-30;19;2026-08;Domingo;12;60;60.0;43200;17420
2026-08-30;20;2026-08;Domingo;12;60;60.0;43200;14017
2026-08-30;21;2026-08;Domingo;12;60;60.0;43200;11985
2026-08-30;22;2026-08;Domingo;12;60;60.0;43200;7219
2026-08-31;7;2026-08;Lunes;12;60;60.0;43200;6417
2026-08-31;8;2026-08;Lunes;12;60;60.0;43200;15632
2026-08-31;9;2026-08;Lunes;12;60;60.0;43200;27868
2026-08-31;10;2026-08;Lunes;12;60;60.0;43200;34436
2026-08-31;11;2026-08;Lunes;12;60;60.0;43200;36930
2026-08-31;12;2026-08;Lunes;12;60;60.0;43200;33476
2026-08-31;13;2026-08;Lunes;12;60;60.0;43200;30792
2026-08-31;14;2026-08;Lunes;12;60;60.0;43200;26719
2026-08-31;15;2026-08;Lunes;12;60;60.0;43200;23354
2026-08-31;16;2026-08;Lunes;12;60;60.0;43200;25000
2026-08-31;17;2026-08;Lunes;12;60;60.0;43200;29833
2026-08-31;18;2026-08;Lunes;12;60;60.0;43200;31566
2026-08-31;19;2026-08;Lunes;12;60;60.0;43200;31117
2026-08-31;20;2026-08;Lunes;12;60;60.0;43200;26798
2026-08-31;21;2026-08;Lunes;12;60;60.0;43200;21451
2026-08-31;22;2026-08;Lunes;12;60;60.0;43200;10493
2026-09-01;7;2026-09;Martes;14;60;60.0;50400;7148
2026-09-01;8;2026-09;Martes;14;60;60.0;50400;13212
2026-09-01;9;2026-09;Martes;14;60;60.0;50400;17939
2026-09-01;10;2026-09;Martes;14;60;60.0;50400;26753
2026-09-01;11;2026-09;Martes;14;60;60.0;50400;25218
2026-09-01;12;2026-09;Martes;14;60;60.0;50400;28733
2026-09-01;13;2026-09;Martes;14;60;60.0;50400;21245
2026-09-01;14;2026-09;Martes;14;60;60.0;50400;16912
2026-09-01;15;2026-09;Martes;14;60;60.0;50400;19671
2026-09-01;16;2026-09;Martes;14;60;60.0;50400;19436
2026-09-01;17;2026-09;Martes;14;60;60.0;50400;20524
2026-09-01;18;2026-09;Martes;14;60;60.0;50400;21063
2026-09-01;19;2026-09;Martes;14;60;60.0;50400;30972
2026-09-01;20;2026-09;Martes;14;60;60.0;50400;24365
2026-09-01;21;2026-09;Martes;14;60;60.0;50400;14058
2026-09-01;22;2026-09;Martes;14;60;60.0;50400;9074
2026-09-02;7;2026-09;Miércoles;14;60;60.0;50400;5850
2026-09-02;8;2026-09;Miércoles;14;60;60.0;50400;13790
2026-09-02;9;2026-09;Miércoles;14;60;60.0;50400;19996
2026-09-02;10;2026-09;Miércoles;14;60;60.0;50400;23777
2026-09-02;11;2026-09;Miércoles;14;60;60.0;50400;24915
2026-09-02;12;2026-09;Miércoles;14;60;60.0;50400;26875
2026-09-02;13;2026-09;Miércoles;14;60;60.0;50400;24076
2026-09-02;14;2026-09;Miércoles;14;60;60.0;50400;17035
2026-09-02;15;2026-09;Miércoles;14;60;60.0;50400;19026
2026-09-02;16;2026-09;Miércoles;14;60;60.0;50400;18318
2026-09-02;17;2026-09;Miércoles;14;60;60.0;50400;21947
2026-09-02;18;2026-09;Miércoles;14;60;60.0;50400;26566
2026-09-02;19;2026-09;Miércoles;14;60;60.0;50400;24060
2026-09-02;20;2026-09;Miércoles;14;60;60.0;50400;18280
2026-09-02;21;2026-09;Miércoles;14;60;60.0;50400;13688
2026-09-02;22;2026-09;Miércoles;14;60;60.0;50400;7912
2026-09-03;7;2026-09;Jueves;14;60;60.0;50400;6428
2026-09-03;8;2026-09;Jueves;14;60;60.0;50400;14649
2026-09-03;9;2026-09;Jueves;14;60;60.0;50400;18372
2026-09-03;10;2026-09;Jueves;14;60;60.0;50400;22430
2026-09-03;11;2026-09;Jueves;14;60;60.0;50400;29868
2026-09-03;12;2026-09;Jueves;14;60;60.0;50400;26782
2026-09-03;13;2026-09;Jueves;14;60;60.0;50400;21863
2026-09-03;14;2026-09;Jueves;14;60;60.0;50400;21984
2026-09-03;15;2026-09;Jueves;14;60;60.0;50400;15774
2026-09-03;16;2026-09;Jueves;14;60;60.0;50400;17848
2026-09-03;17;2026-09;Jueves;14;60;60.0;50400;20393
2026-09-03;18;2026-09;Jueves;14;60;60.0;50400;26603
2026-09-03;19;2026-09;Jueves;14;60;60.0;50400;23198
2026-09-03;20;2026-09;Jueves;14;60;60.0;50400;20325
2026-09-03;21;2026-09;Jueves;14;60;60.0;50400;14594
2026-09-03;22;2026-09;Jueves;14;60;60.0;50400;8359
2026-09-04;7;2026-09;Viernes;14;60;60.0;50400;5553
2026-09-04;8;2026-09;Viernes;14;60;60.0;50400;12998
2026-09-04;9;2026-09;Viernes;14;60;60.0;50400;19533
2026-09-04;10;2026-09;Viernes;14;60;60.0;50400;23336
2026-09-04;11;2026-09;Viernes;14;60;60.0;50400;30480
2026-09-04;12;2026-09;Viernes;14;60;60.0;50400;33816
2026-09-04;13;2026-09;Viernes;14;60;60.0;50400;23394
2026-09-04;14;2026-09;Viernes;14;60;60.0;50400;20440
2026-09-04;15;2026-09;Viernes;14;60;60.0;50400;22165
2026-09-04;16;2026-09;Viernes;14;60;60.0;50400;17077
2026-09-04;17;2026-09;Viernes;14;60;60.0;50400;23338
2026-09-04;18;2026-09;Viernes;14;60;60.0;50400;26862
2026-09-04;19;2026-09;Viernes;14;60;60.0;50400;26921
2026-09-04;20;2026-09;Viernes;14;60;60.0;50400;23935
2026-09-04;21;2026-09;Viernes;14;60;60.0;50400;15606
2026-09-04;22;2026-09;Viernes;14;60;60.0;50400;9110
2026-09-05;7;2026-09;Sábado;14;60;60.0;50400;4645
2026-09-05;8;2026-09;Sábado;14;60;60.0;50400;9692
2026-09-05;9;2026-09;Sábado;14;60;60.0;50400;13238
2026-09-05;10;2026-09;Sábado;14;60;60.0;50400;18842
2026-09-05;11;2026-09;Sábado;14;60;60.0;50400;20613
2026-09-05;12;2026-09;Sábado;14;60;60.0;50400;21737
2026-09-05;13;2026-09;Sábado;14;60;60.0;50400;16811
2026-09-05;14;2026-09;Sábado;14;60;60.0;50400;19169
2026-09-05;15;2026-09;Sábado;14;60;60.0;50400;13170
2026-09-05;16;2026-09;Sábado;14;60;60.0;50400;16380
2026-09-05;17;2026-09;Sábado;14;60;60.0;50400;16907
2026-09-05;18;2026-09;Sábado;14;60;60.0;50400;19205
2026-09-05;19;2026-09;Sábado;14;60;60.0;50400;16822
2026-09-05;20;2026-09;Sábado;14;60;60.0;50400;14668
2026-09-05;21;2026-09;Sábado;14;60;60.0;50400;10951
2026-09-05;22;2026-09;Sábado;14;60;60.0;50400;6434
2026-09-06;7;2026-09;Domingo;14;60;60.0;50400;3075
2026-09-06;8;2026-09;Domingo;14;60;60.0;50400;6460
2026-09-06;9;2026-09;Domingo;14;60;60.0;50400;8564
2026-09-06;10;2026-09;Domingo;14;60;60.0;50400;15221
2026-09-06;11;2026-09;Domingo;14;60;60.0;50400;15988
2026-09-06;12;2026-09;Domingo;14;60;60.0;50400;13816
2026-09-06;13;2026-09;Domingo;14;60;60.0;50400;15210
2026-09-06;14;2026-09;Domingo;14;60;60.0;50400;11782
2026-09-06;15;2026-09;Domingo;14;60;60.0;50400;10662
2026-09-06;16;2026-09;Domingo;14;60;60.0;50400;8994
2026-09-06;17;2026-09;Domingo;14;60;60.0;50400;11073
2026-09-06;18;2026-09;Domingo;14;60;60.0;50400;15171
2026-09-06;19;2026-09;Domingo;14;60;60.0;50400;14033
2026-09-06;20;2026-09;Domingo;14;60;60.0;50400;11818
2026-09-06;21;2026-09;Domingo;14;60;60.0;50400;9007
2026-09-06;22;2026-09;Domingo;14;60;60.0;50400;6599
2026-09-07;7;2026-09;Lunes;14;60;60.0;50400;6363
2026-09-07;8;2026-09;Lunes;14;60;60.0;50400;13925
2026-09-07;9;2026-09;Lunes;14;60;60.0;50400;22455
2026-09-07;10;2026-09;Lunes;14;60;60.0;50400;27310
2026-09-07;11;2026-09;Lunes;14;60;60.0;50400;34573
2026-09-07;12;2026-09;Lunes;14;60;60.0;50400;26174
2026-09-07;13;2026-09;Lunes;14;60;60.0;50400;26895
2026-09-07;14;2026-09;Lunes;14;60;60.0;50400;23720
2026-09-07;15;2026-09;Lunes;14;60;60.0;50400;17925
2026-09-07;16;2026-09;Lunes;14;60;60.0;50400;22102
2026-09-07;17;2026-09;Lunes;14;60;60.0;50400;24606
2026-09-07;18;2026-09;Lunes;14;60;60.0;50400;28581
2026-09-07;19;2026-09;Lunes;14;60;60.0;50400;28433
2026-09-07;20;2026-09;Lunes;14;60;60.0;50400;22418
2026-09-07;21;2026-09;Lunes;14;60;60.0;50400;16837
2026-09-07;22;2026-09;Lunes;14;60;60.0;50400;11929
2026-09-08;7;2026-09;Martes;14;60;60.0;50400;5164
2026-09-08;8;2026-09;Martes;14;60;60.0;50400;13178
2026-09-08;9;2026-09;Martes;14;60;60.0;50400;17585
2026-09-08;10;2026-09;Martes;14;60;60.0;50400;23122
2026-09-08;11;2026-09;Martes;14;60;60.0;50400;29914
2026-09-08;12;2026-09;Martes;14;60;60.0;50400;28061
2026-09-08;13;2026-09;Martes;14;60;60.0;50400;23931
2026-09-08;14;2026-09;Martes;14;60;60.0;50400;20419
2026-09-08;15;2026-09;Martes;14;60;60.0;50400;14729
2026-09-08;16;2026-09;Martes;14;60;60.0;50400;19942
2026-09-08;17;2026-09;Martes;14;60;60.0;50400;23883
2026-09-08;18;2026-09;Martes;14;60;60.0;50400;23410
2026-09-08;19;2026-09;Martes;14;60;60.0;50400;23462
2026-09-08;20;2026-09;Martes;14;60;60.0;50400;20927
2026-09-08;21;2026-09;Martes;14;60;60.0;50400;15447
2026-09-08;22;2026-09;Martes;14;60;60.0;50400;11106
2026-09-09;7;2026-09;Miércoles;14;60;60.0;50400;5169
2026-09-09;8;2026-09;Miércoles;14;60;60.0;50400;12001
2026-09-09;9;2026-09;Miércoles;14;60;60.0;50400;16847
2026-09-09;10;2026-09;Miércoles;14;60;60.0;50400;29138
2026-09-09;11;2026-09;Miércoles;14;60;60.0;50400;23653
2026-09-09;12;2026-09;Miércoles;14;60;60.0;50400;27106
2026-09-09;13;2026-09;Miércoles;14;60;60.0;50400;22970
2026-09-09;14;2026-09;Miércoles;14;60;60.0;50400;20182
2026-09-09;15;2026-09;Miércoles;14;60;60.0;50400;17288
2026-09-09;16;2026-09;Miércoles;14;60;60.0;50400;19001
2026-09-09;17;2026-09;Miércoles;14;60;60.0;50400;20897
2026-09-09;18;2026-09;Miércoles;14;60;60.0;50400;22917
2026-09-09;19;2026-09;Miércoles;14;60;60.0;50400;22183
2026-09-09;20;2026-09;Miércoles;14;60;60.0;50400;20890
2026-09-09;21;2026-09;Miércoles;14;60;60.0;50400;17468
2026-09-09;22;2026-09;Miércoles;14;60;60.0;50400;8023
2026-09-10;7;2026-09;Jueves;14;60;60.0;50400;15270
2026-09-10;8;2026-09;Jueves;14;60;60.0;50400;28087
2026-09-10;9;2026-09;Jueves;14;60;60.0;50400;42154
2026-09-10;10;2026-09;Jueves;14;60;60.0;50400;49717
2026-09-10;11;2026-09;Jueves;14;60;60.0;50400;50400
2026-09-10;12;2026-09;Jueves;14;60;60.0;50400;50400
2026-09-10;13;2026-09;Jueves;14;60;60.0;50400;50400
2026-09-10;14;2026-09;Jueves;14;60;60.0;50400;48808
2026-09-10;15;2026-09;Jueves;14;60;60.0;50400;40275
2026-09-10;16;2026-09;Jueves;14;60;60.0;50400;45176
2026-09-10;17;2026-09;Jueves;14;60;60.0;50400;49330
2026-09-10;18;2026-09;Jueves;14;60;60.0;50400;50400
2026-09-10;19;2026-09;Jueves;14;60;60.0;50400;50400
2026-09-10;20;2026-09;Jueves;14;60;60.0;50400;49393
2026-09-10;21;2026-09;Jueves;14;60;60.0;50400;34104
2026-09-10;22;2026-09;Jueves;14;60;60.0;50400;20718
2026-09-11;7;2026-09;Viernes;14;60;60.0;50400;9111
2026-09-11;8;2026-09;Viernes;14;60;60.0;50400;17089
2026-09-11;9;2026-09;Viernes;14;60;60.0;50400;27444
2026-09-11;10;2026-09;Viernes;14;60;60.0;50400;34425
2026-09-11;11;2026-09;Viernes;14;60;60.0;50400;39340
2026-09-11;12;2026-09;Viernes;14;60;60.0;50400;41603
2026-09-11;13;2026-09;Viernes;14;60;60.0;50400;33850
2026-09-11;14;2026-09;Viernes;14;60;60.0;50400;34589
2026-09-11;15;2026-09;Viernes;14;60;60.0;50400;26301
2026-09-11;16;2026-09;Viernes;14;60;60.0;50400;26384
2026-09-11;17;2026-09;Viernes;14;60;60.0;50400;26895
2026-09-11;18;2026-09;Viernes;14;60;60.0;50400;32226
2026-09-11;19;2026-09;Viernes;14;60;60.0;50400;38337
2026-09-11;20;2026-09;Viernes;14;60;60.0;50400;31639
2026-09-11;21;2026-09;Viernes;14;60;60.0;50400;21207
2026-09-11;22;2026-09;Viernes;14;60;60.0;50400;15896
2026-09-12;7;2026-09;Sábado;14;60;60.0;50400;4454
2026-09-12;8;2026-09;Sábado;14;60;60.0;50400;11028
2026-09-12;9;2026-09;Sábado;14;60;60.0;50400;13971
2026-09-12;10;2026-09;Sábado;14;60;60.0;50400;18325
2026-09-12;11;2026-09;Sábado;14;60;60.0;50400;20179
2026-09-12;12;2026-09;Sábado;14;60;60.0;50400;17917
2026-09-12;13;2026-09;Sábado;14;60;60.0;50400;20227
2026-09-12;14;2026-09;Sábado;14;60;60.0;50400;18028
2026-09-12;15;2026-09;Sábado;14;60;60.0;50400;13325
2026-09-12;16;2026-09;Sábado;14;60;60.0;50400;14008
2026-09-12;17;2026-09;Sábado;14;60;60.0;50400;17162
2026-09-12;18;2026-09;Sábado;14;60;60.0;50400;20742
2026-09-12;19;2026-09;Sábado;14;60;60.0;50400;18899
2026-09-12;20;2026-09;Sábado;14;60;60.0;50400;17376
2026-09-12;21;2026-09;Sábado;14;60;60.0;50400;12212
2026-09-12;22;2026-09;Sábado;14;60;60.0;50400;7620
2026-09-13;7;2026-09;Domingo;14;60;60.0;50400;3465
2026-09-13;8;2026-09;Domingo;14;60;60.0;50400;6429
2026-09-13;9;2026-09;Domingo;14;60;60.0;50400;8893
2026-09-13;10;2026-09;Domingo;14;60;60.0;50400;16190
2026-09-13;11;2026-09;Domingo;14;60;60.0;50400;17460
2026-09-13;12;2026-09;Domingo;14;60;60.0;50400;15143
2026-09-13;13;2026-09;Domingo;14;60;60.0;50400;13179
2026-09-13;14;2026-09;Domingo;14;60;60.0;50400;12884
2026-09-13;15;2026-09;Domingo;14;60;60.0;50400;8417
2026-09-13;16;2026-09;Domingo;14;60;60.0;50400;11195
2026-09-13;17;2026-09;Domingo;14;60;60.0;50400;13860
2026-09-13;18;2026-09;Domingo;14;60;60.0;50400;13445
2026-09-13;19;2026-09;Domingo;14;60;60.0;50400;16714
2026-09-13;20;2026-09;Domingo;14;60;60.0;50400;12679
2026-09-13;21;2026-09;Domingo;14;60;60.0;50400;8942
2026-09-13;22;2026-09;Domingo;14;60;60.0;50400;7379
2026-09-14;7;2026-09;Lunes;14;60;60.0;50400;6391
2026-09-14;8;2026-09;Lunes;14;60;60.0;50400;11712
2026-09-14;9;2026-09;Lunes;14;60;60.0;50400;21216
2026-09-14;10;2026-09;Lunes;14;60;60.0;50400;24827
2026-09-14;11;2026-09;Lunes;14;60;60.0;50400;30577
2026-09-14;12;2026-09;Lunes;14;60;60.0;50400;29176
2026-09-14;13;2026-09;Lunes;14;60;60.0;50400;27866
2026-09-14;14;2026-09;Lunes;14;60;60.0;50400;23600
2026-09-14;15;2026-09;Lunes;14;60;60.0;50400;21049
2026-09-14;16;2026-09;Lunes;14;60;60.0;50400;21608
2026-09-14;17;2026-09;Lunes;14;60;60.0;50400;21612
2026-09-14;18;2026-09;Lunes;14;60;60.0;50400;24404
2026-09-14;19;2026-09;Lunes;14;60;60.0;50400;29187
2026-09-14;20;2026-09;Lunes;14;60;60.0;50400;22516
2026-09-14;21;2026-09;Lunes;14;60;60.0;50400;19429
2026-09-14;22;2026-09;Lunes;14;60;60.0;50400;11643
2026-09-15;7;2026-09;Martes;14;60;60.0;50400;6501
2026-09-15;8;2026-09;Martes;14;60;60.0;50400;12816
2026-09-15;9;2026-09;Martes;14;60;60.0;50400;18477
2026-09-15;10;2026-09;Martes;14;60;60.0;50400;23558
2026-09-15;11;2026-09;Martes;14;60;60.0;50400;29305
2026-09-15;12;2026-09;Martes;14;60;60.0;50400;29466
2026-09-15;13;2026-09;Martes;14;60;60.0;50400;23996
2026-09-15;14;2026-09;Martes;14;60;60.0;50400;23906
2026-09-15;15;2026-09;Martes;14;60;60.0;50400;17706
2026-09-15;16;2026-09;Martes;14;60;60.0;50400;20015
2026-09-15;17;2026-09;Martes;14;60;60.0;50400;22014
2026-09-15;18;2026-09;Martes;14;60;60.0;50400;24733
2026-09-15;19;2026-09;Martes;14;60;60.0;50400;24953
2026-09-15;20;2026-09;Martes;14;60;60.0;50400;20535
2026-09-15;21;2026-09;Martes;14;60;60.0;50400;13497
2026-09-15;22;2026-09;Martes;14;60;60.0;50400;8600
2026-09-16;7;2026-09;Miércoles;14;60;60.0;50400;6954
2026-09-16;8;2026-09;Miércoles;14;60;60.0;50400;13536
2026-09-16;9;2026-09;Miércoles;14;60;60.0;50400;18060
2026-09-16;10;2026-09;Miércoles;14;60;60.0;50400;23223
2026-09-16;11;2026-09;Miércoles;14;60;60.0;50400;24949
2026-09-16;12;2026-09;Miércoles;14;60;60.0;50400;23197
2026-09-16;13;2026-09;Miércoles;14;60;60.0;50400;24537
2026-09-16;14;2026-09;Miércoles;14;60;60.0;50400;18229
2026-09-16;15;2026-09;Miércoles;14;60;60.0;50400;19393
2026-09-16;16;2026-09;Miércoles;14;60;60.0;50400;16716
2026-09-16;17;2026-09;Miércoles;14;60;60.0;50400;20183
2026-09-16;18;2026-09;Miércoles;14;60;60.0;50400;25069
2026-09-16;19;2026-09;Miércoles;14;60;60.0;50400;18976
2026-09-16;20;2026-09;Miércoles;14;60;60.0;50400;20154
2026-09-16;21;2026-09;Miércoles;14;60;60.0;50400;17078
2026-09-16;22;2026-09;Miércoles;14;60;60.0;50400;10407
2026-09-17;7;2026-09;Jueves;14;60;60.0;50400;6789
2026-09-17;8;2026-09;Jueves;14;60;60.0;50400;10603
2026-09-17;9;2026-09;Jueves;14;60;60.0;50400;17139
2026-09-17;10;2026-09;Jueves;14;60;60.0;50400;24278
2026-09-17;11;2026-09;Jueves;14;60;60.0;50400;28500
2026-09-17;12;2026-09;Jueves;14;60;60.0;50400;27200
2026-09-17;13;2026-09;Jueves;14;60;60.0;50400;22721
2026-09-17;14;2026-09;Jueves;14;60;60.0;50400;21552
2026-09-17;15;2026-09;Jueves;14;60;60.0;50400;14498
2026-09-17;16;2026-09;Jueves;14;60;60.0;50400;19819
2026-09-17;17;2026-09;Jueves;14;60;60.0;50400;19546
2026-09-17;18;2026-09;Jueves;14;60;60.0;50400;24997
2026-09-17;19;2026-09;Jueves;14;60;60.0;50400;26404
2026-09-17;20;2026-09;Jueves;14;60;60.0;50400;23103
2026-09-17;21;2026-09;Jueves;14;60;60.0;50400;14444
2026-09-17;22;2026-09;Jueves;14;60;60.0;50400;9568
2026-09-18;7;2026-09;Viernes;14;60;60.0;50400;7237
2026-09-18;8;2026-09;Viernes;14;60;40.0;33600;9428
2026-09-18;9;2026-09;Viernes;14;60;60.0;50400;17291
2026-09-18;10;2026-09;Viernes;14;60;60.0;50400;27090
2026-09-18;11;2026-09;Viernes;14;60;60.0;50400;32530
2026-09-18;12;2026-09;Viernes;14;60;60.0;50400;32075
2026-09-18;13;2026-09;Viernes;14;60;60.0;50400;25619
2026-09-18;14;2026-09;Viernes;14;60;60.0;50400;22390
2026-09-18;15;2026-09;Viernes;14;60;60.0;50400;20937
2026-09-18;16;2026-09;Viernes;14;60;60.0;50400;17741
2026-09-18;17;2026-09;Viernes;14;60;60.0;50400;23432
2026-09-18;18;2026-09;Viernes;14;60;60.0;50400;27716
2026-09-18;19;2026-09;Viernes;14;60;60.0;50400;26769
2026-09-18;20;2026-09;Viernes;14;60;60.0;50400;24150
2026-09-18;21;2026-09;Viernes;14;60;60.0;50400;16956
2026-09-18;22;2026-09;Viernes;14;60;60.0;50400;10785
2026-09-19;7;2026-09;Sábado;14;60;60.0;50400;3446
2026-09-19;8;2026-09;Sábado;14;60;60.0;50400;10173
2026-09-19;9;2026-09;Sábado;14;60;60.0;50400;13435
2026-09-19;10;2026-09;Sábado;14;60;60.0;50400;17810
2026-09-19;11;2026-09;Sábado;14;60;60.0;50400;21877
2026-09-19;12;2026-09;Sábado;14;60;60.0;50400;18460
2026-09-19;13;2026-09;Sábado;14;60;60.0;50400;18464
2026-09-19;14;2026-09;Sábado;14;60;60.0;50400;16855
2026-09-19;15;2026-09;Sábado;14;60;60.0;50400;14638
2026-09-19;16;2026-09;Sábado;14;60;60.0;50400;13741
2026-09-19;17;2026-09;Sábado;14;60;60.0;50400;15497
2026-09-19;18;2026-09;Sábado;14;60;60.0;50400;17724
2026-09-19;19;2026-09;Sábado;14;60;60.0;50400;19309
2026-09-19;20;2026-09;Sábado;14;60;60.0;50400;19737
2026-09-19;21;2026-09;Sábado;14;60;60.0;50400;9180
2026-09-19;22;2026-09;Sábado;14;60;60.0;50400;6472
2026-09-20;7;2026-09;Domingo;14;60;60.0;50400;3074
2026-09-20;8;2026-09;Domingo;14;60;60.0;50400;6642
2026-09-20;9;2026-09;Domingo;14;60;60.0;50400;11130
2026-09-20;10;2026-09;Domingo;14;60;60.0;50400;14653
2026-09-20;11;2026-09;Domingo;14;60;60.0;50400;13423
2026-09-20;12;2026-09;Domingo;14;60;60.0;50400;14578
2026-09-20;13;2026-09;Domingo;14;60;60.0;50400;15328
2026-09-20;14;2026-09;Domingo;14;60;60.0;50400;11462
2026-09-20;15;2026-09;Domingo;14;60;60.0;50400;12158
2026-09-20;16;2026-09;Domingo;14;60;60.0;50400;12900
2026-09-20;17;2026-09;Domingo;14;60;60.0;50400;12740
2026-09-20;18;2026-09;Domingo;14;60;60.0;50400;13993
2026-09-20;19;2026-09;Domingo;14;60;60.0;50400;14423
2026-09-20;20;2026-09;Domingo;14;60;60.0;50400;12425
2026-09-20;21;2026-09;Domingo;14;60;60.0;50400;8559
2026-09-20;22;2026-09;Domingo;14;60;60.0;50400;4912
2026-09-21;7;2026-09;Lunes;14;60;60.0;50400;7195
2026-09-21;8;2026-09;Lunes;14;60;60.0;50400;14543
2026-09-21;9;2026-09;Lunes;14;60;60.0;50400;20426
2026-09-21;10;2026-09;Lunes;14;60;60.0;50400;24380
2026-09-21;11;2026-09;Lunes;14;60;60.0;50400;35363
2026-09-21;12;2026-09;Lunes;14;60;60.0;50400;26716
2026-09-21;13;2026-09;Lunes;14;60;60.0;50400;26179
2026-09-21;14;2026-09;Lunes;14;60;60.0;50400;27261
2026-09-21;15;2026-09;Lunes;14;60;60.0;50400;19358
2026-09-21;16;2026-09;Lunes;14;60;60.0;50400;20211
2026-09-21;17;2026-09;Lunes;14;60;60.0;50400;20915
2026-09-21;18;2026-09;Lunes;14;60;60.0;50400;31604
2026-09-21;19;2026-09;Lunes;14;60;60.0;50400;27370
2026-09-21;20;2026-09;Lunes;14;60;60.0;50400;25187
2026-09-21;21;2026-09;Lunes;14;60;60.0;50400;15900
2026-09-21;22;2026-09;Lunes;14;60;60.0;50400;10927
2026-09-22;7;2026-09;Martes;14;60;60.0;50400;5300
2026-09-22;8;2026-09;Martes;14;60;60.0;50400;12506
2026-09-22;9;2026-09;Martes;14;60;60.0;50400;19886
2026-09-22;10;2026-09;Martes;14;60;60.0;50400;22524
2026-09-22;11;2026-09;Martes;14;60;60.0;50400;27746
2026-09-22;12;2026-09;Martes;14;60;60.0;50400;30120
2026-09-22;13;2026-09;Martes;14;60;60.0;50400;27015
2026-09-22;14;2026-09;Martes;14;60;60.0;50400;20734
2026-09-22;15;2026-09;Martes;14;60;60.0;50400;17364
2026-09-22;16;2026-09;Martes;14;60;60.0;50400;18727
2026-09-22;17;2026-09;Martes;14;60;60.0;50400;22412
2026-09-22;18;2026-09;Martes;14;60;60.0;50400;24443
2026-09-22;19;2026-09;Martes;14;60;60.0;50400;25185
2026-09-22;20;2026-09;Martes;14;60;60.0;50400;21428
2026-09-22;21;2026-09;Martes;14;60;60.0;50400;15524
2026-09-22;22;2026-09;Martes;14;60;60.0;50400;9430
2026-09-23;7;2026-09;Miércoles;14;60;60.0;50400;6831
2026-09-23;8;2026-09;Miércoles;14;60;60.0;50400;10947
2026-09-23;9;2026-09;Miércoles;14;60;60.0;50400;17770
2026-09-23;10;2026-09;Miércoles;14;60;60.0;50400;24014
2026-09-23;11;2026-09;Miércoles;14;60;60.0;50400;26174
2026-09-23;12;2026-09;Miércoles;14;60;60.0;50400;27122
2026-09-23;13;2026-09;Miércoles;14;60;60.0;50400;24803
2026-09-23;14;2026-09;Miércoles;14;60;60.0;50400;21168
2026-09-23;15;2026-09;Miércoles;14;60;60.0;50400;17144
2026-09-23;16;2026-09;Miércoles;14;60;60.0;50400;19753
2026-09-23;17;2026-09;Miércoles;14;60;60.0;50400;22336
2026-09-23;18;2026-09;Miércoles;14;60;60.0;50400;25764
2026-09-23;19;2026-09;Miércoles;14;60;60.0;50400;23424
2026-09-23;20;2026-09;Miércoles;14;60;60.0;50400;20871
2026-09-23;21;2026-09;Miércoles;14;60;60.0;50400;12392
2026-09-23;22;2026-09;Miércoles;14;60;60.0;50400;9394
2026-09-24;7;2026-09;Jueves;14;60;60.0;50400;5749
2026-09-24;8;2026-09;Jueves;14;60;60.0;50400;11041
2026-09-24;9;2026-09;Jueves;14;60;60.0;50400;18482
2026-09-24;10;2026-09;Jueves;14;60;60.0;50400;25027
2026-09-24;11;2026-09;Jueves;14;60;60.0;50400;27369
2026-09-24;12;2026-09;Jueves;14;60;60.0;50400;25930
2026-09-24;13;2026-09;Jueves;14;60;60.0;50400;24191
2026-09-24;14;2026-09;Jueves;14;60;60.0;50400;18489
2026-09-24;15;2026-09;Jueves;14;60;60.0;50400;22075
2026-09-24;16;2026-09;Jueves;14;60;60.0;50400;19000
2026-09-24;17;2026-09;Jueves;14;60;60.0;50400;22419
2026-09-24;18;2026-09;Jueves;14;60;60.0;50400;29307
2026-09-24;19;2026-09;Jueves;14;60;60.0;50400;23986
2026-09-24;20;2026-09;Jueves;14;60;60.0;50400;21417
2026-09-24;21;2026-09;Jueves;14;60;60.0;50400;12636
2026-09-24;22;2026-09;Jueves;14;60;60.0;50400;8601
2026-09-25;7;2026-09;Viernes;14;60;60.0;50400;5619
2026-09-25;8;2026-09;Viernes;14;60;60.0;50400;13470
2026-09-25;9;2026-09;Viernes;14;60;60.0;50400;17159
2026-09-25;10;2026-09;Viernes;14;60;60.0;50400;27616
2026-09-25;11;2026-09;Viernes;14;60;60.0;50400;26902
2026-09-25;12;2026-09;Viernes;14;60;60.0;50400;29231
2026-09-25;13;2026-09;Viernes;14;60;60.0;50400;26801
2026-09-25;14;2026-09;Viernes;14;60;60.0;50400;21822
2026-09-25;15;2026-09;Viernes;14;60;60.0;50400;18620
2026-09-25;16;2026-09;Viernes;14;60;60.0;50400;17639
2026-09-25;17;2026-09;Viernes;14;60;60.0;50400;21951
2026-09-25;18;2026-09;Viernes;14;60;60.0;50400;24265
2026-09-25;19;2026-09;Viernes;14;60;60.0;50400;29634
2026-09-25;20;2026-09;Viernes;14;60;60.0;50400;25393
2026-09-25;21;2026-09;Viernes;14;60;60.0;50400;15985
2026-09-25;22;2026-09;Viernes;14;60;60.0;50400;9820
2026-09-26;7;2026-09;Sábado;14;60;60.0;50400;4601
2026-09-26;8;2026-09;Sábado;14;60;60.0;50400;9524
2026-09-26;9;2026-09;Sábado;14;60;60.0;50400;13916
2026-09-26;10;2026-09;Sábado;14;60;60.0;50400;20276
2026-09-26;11;2026-09;Sábado;14;60;60.0;50400;19349
2026-09-26;12;2026-09;Sábado;14;60;60.0;50400;19595
2026-09-26;13;2026-09;Sábado;14;60;60.0;50400;18593
2026-09-26;14;2026-09;Sábado;14;60;60.0;50400;16824
2026-09-26;15;2026-09;Sábado;14;60;60.0;50400;15475
2026-09-26;16;2026-09;Sábado;14;60;60.0;50400;11670
2026-09-26;17;2026-09;Sábado;14;60;60.0;50400;15201
2026-09-26;18;2026-09;Sábado;14;60;60.0;50400;22631
2026-09-26;19;2026-09;Sábado;14;60;60.0;50400;19703
2026-09-26;20;2026-09;Sábado;14;60;60.0;50400;16321
2026-09-26;21;2026-09;Sábado;14;60;60.0;50400;9969
2026-09-26;22;2026-09;Sábado;14;60;60.0;50400;5598
2026-09-27;7;2026-09;Domingo;14;60;60.0;50400;3784
2026-09-27;8;2026-09;Domingo;14;60;60.0;50400;5091
2026-09-27;9;2026-09;Domingo;14;60;60.0;50400;12254
2026-09-27;10;2026-09;Domingo;14;60;60.0;50400;12585
2026-09-27;11;2026-09;Domingo;14;60;60.0;50400;17605
2026-09-27;12;2026-09;Domingo;14;60;60.0;50400;16918
2026-09-27;13;2026-09;Domingo;14;60;60.0;50400;13986
2026-09-27;14;2026-09;Domingo;14;60;60.0;50400;10176
2026-09-27;15;2026-09;Domingo;14;60;60.0;50400;10873
2026-09-27;16;2026-09;Domingo;14;60;60.0;50400;11296
2026-09-27;17;2026-09;Domingo;14;60;60.0;50400;10613
2026-09-27;18;2026-09;Domingo;14;60;60.0;50400;12339
2026-09-27;19;2026-09;Domingo;14;60;60.0;50400;14187
2026-09-27;20;2026-09;Domingo;14;60;60.0;50400;12205
2026-09-27;21;2026-09;Domingo;14;60;60.0;50400;6960
2026-09-27;22;2026-09;Domingo;14;60;60.0;50400;6042
2026-09-28;7;2026-09;Lunes;14;60;60.0;50400;5868
2026-09-28;8;2026-09;Lunes;14;60;60.0;50400;15744
2026-09-28;9;2026-09;Lunes;14;60;60.0;50400;24465
2026-09-28;10;2026-09;Lunes;14;60;60.0;50400;31105
2026-09-28;11;2026-09;Lunes;14;60;60.0;50400;28416
2026-09-28;12;2026-09;Lunes;14;60;60.0;50400;30086
2026-09-28;13;2026-09;Lunes;14;60;60.0;50400;25138
2026-09-28;14;2026-09;Lunes;14;60;60.0;50400;21203
2026-09-28;15;2026-09;Lunes;14;60;60.0;50400;22315
2026-09-28;16;2026-09;Lunes;14;60;60.0;50400;18837
2026-09-28;17;2026-09;Lunes;14;60;60.0;50400;23651
2026-09-28;18;2026-09;Lunes;14;60;60.0;50400;25325
2026-09-28;19;2026-09;Lunes;14;60;60.0;50400;29053
2026-09-28;20;2026-09;Lunes;14;60;60.0;50400;22395
2026-09-28;21;2026-09;Lunes;14;60;60.0;50400;16797
2026-09-28;22;2026-09;Lunes;14;60;60.0;50400;11228
2026-09-29;7;2026-09;Martes;14;60;60.0;50400;6551
2026-09-29;8;2026-09;Martes;14;60;60.0;50400;13712
2026-09-29;9;2026-09;Martes;14;60;60.0;50400;19495
2026-09-29;10;2026-09;Martes;14;60;60.0;50400;23622
2026-09-29;11;2026-09;Martes;14;60;60.0;50400;29766
2026-09-29;12;2026-09;Martes;14;60;60.0;50400;31084
2026-09-29;13;2026-09;Martes;14;60;60.0;50400;22171
2026-09-29;14;2026-09;Martes;14;60;60.0;50400;20916
2026-09-29;15;2026-09;Martes;14;60;60.0;50400;18356
2026-09-29;16;2026-09;Martes;14;60;60.0;50400;17554
2026-09-29;17;2026-09;Martes;14;60;60.0;50400;25503
2026-09-29;18;2026-09;Martes;14;60;60.0;50400;24700
2026-09-29;19;2026-09;Martes;14;60;60.0;50400;25570
2026-09-29;20;2026-09;Martes;14;60;60.0;50400;24843
2026-09-29;21;2026-09;Martes;14;60;60.0;50400;11256
2026-09-29;22;2026-09;Martes;14;60;60.0;50400;9076
2026-09-30;7;2026-09;Miércoles;14;60;60.0;50400;5940
2026-09-30;8;2026-09;Miércoles;14;60;60.0;50400;10465
2026-09-30;9;2026-09;Miércoles;14;60;60.0;50400;21637
2026-09-30;10;2026-09;Miércoles;14;60;60.0;50400;26185
2026-09-30;11;2026-09;Miércoles;14;60;60.0;50400;23569
2026-09-30;12;2026-09;Miércoles;14;60;60.0;50400;26815
2026-09-30;13;2026-09;Miércoles;14;60;60.0;50400;25751
2026-09-30;14;2026-09;Miércoles;14;60;60.0;50400;20362
2026-09-30;15;2026-09;Miércoles;14;60;60.0;50400;17835
2026-09-30;16;2026-09;Miércoles;14;60;60.0;50400;18965
2026-09-30;17;2026-09;Miércoles;14;60;60.0;50400;19244
2026-09-30;18;2026-09;Miércoles;14;60;60.0;50400;23981
2026-09-30;19;2026-09;Miércoles;14;60;60.0;50400;23297
2026-09-30;20;2026-09;Miércoles;14;60;60.0;50400;21478
2026-09-30;21;2026-09;Miércoles;14;60;60.0;50400;12958
2026-09-30;22;2026-09;Miércoles;14;60;60.0;50400;11923
